concept_code,concept_name,stock_count,avg_rank,leader_code,leader_name,leader_rank,leader_gain_pct,median_code,median_name,median_rank,median_gain_pct,edge_code,edge_name,edge_rank,edge_gain_pct
885756.TI,芯片概念,117,191.55,000547.SZ,航天发展,10,307.88,688258.SH,卓易信息,178,101.22,300480.SZ,光力科技,202,95.44
886078.TI,商业航天,77,185.43,688031.SH,星环科技,4,381.69,002639.SZ,雪人集团,184,99.63,688239.SH,航宇科技,208,94.11
885517.TI,机器人概念,76,211.42,688125.SH,安达智能,2,428.14,600869.SH,远东股份,225,89.44,300480.SZ,光力科技,202,95.44
885700.TI,军工,75,194.43,000547.SZ,航天发展,10,307.88,002361.SZ,神剑股份,209,94.11,600391.SH,航发科技,206,94.48
885806.TI,华为概念,75,201.88,688031.SH,星环科技,4,381.69,002008.SZ,大族激光,194,96.95,300480.SZ,光力科技,202,95.44
885887.TI,数据中心,74,204.61,301308.SZ,江波龙,18,254.74,002350.SZ,北京科锐,205,94.93,002350.SZ,北京科锐,205,94.93
885921.TI,储能,73,211.16,603778.SH,国晟科技,6,341.9,300390.SZ,天华新能,203,95.2,300390.SZ,天华新能,203,95.2
885431.TI,新能源汽车,73,218.15,002931.SZ,锋龙股份,3,391.21,300842.SZ,帝科股份,231,88.54,300390.SZ,天华新能,203,95.2
885531.TI,光伏概念,71,221.72,603778.SH,国晟科技,6,341.9,600869.SH,远东股份,225,89.44,002350.SZ,北京科锐,205,94.93
886107.TI,2025年报预增,61,195.95,688308.SH,欧科亿,7,323.31,688258.SH,卓易信息,178,101.22,002440.SZ,闰土股份,201,95.51
885728.TI,人工智能,61,203.98,688031.SH,星环科技,4,381.69,300490.SZ,华自科技,233,88.15,600869.SH,远东股份,225,89.44
885710.TI,锂电池概念,60,207.4,603778.SH,国晟科技,6,341.9,002756.SZ,永兴材料,217,90.63,300390.SZ,天华新能,203,95.2
885641.TI,风电,59,202.42,301232.SZ,飞沃科技,5,371.69,002112.SZ,三变科技,195,96.94,002350.SZ,北京科锐,205,94.93
886086.TI,西部大开发,54,210.3,300164.SZ,通源石油,11,298.12,600869.SH,远东股份,225,89.44,600391.SH,航发科技,206,94.48
885311.TI,智能电网,53,206.74,601179.SH,中国西电,28,212.08,688676.SH,金盘科技,192,97.53,002350.SZ,北京科锐,205,94.93
885556.TI,5G,52,208.12,000547.SZ,航天发展,10,307.88,603186.SH,华正新材,258,84.43,300044.SZ,ST赛为,237,87.8
885426.TI,海工装备,47,183.45,000547.SZ,航天发展,10,307.88,301120.SZ,新特电气,145,115.47,688239.SH,航宇科技,208,94.11
885571.TI,核电,46,180.15,301232.SZ,飞沃科技,5,371.69,002639.SZ,雪人集团,184,99.63,688239.SH,航宇科技,208,94.11
885739.TI,股权转让(并购重组),46,185.0,002969.SZ,嘉美包装,1,567.14,300943.SZ,春晖智控,168,106.5,002361.SZ,神剑股份,209,94.11
885957.TI,东数西算(算力),45,195.24,000547.SZ,航天发展,10,307.88,300617.SZ,安靠智电,186,98.85,600869.SH,远东股份,225,89.44
885427.TI,高端装备,45,197.76,000657.SZ,中钨高新,21,236.83,300480.SZ,光力科技,202,95.44,300480.SZ,光力科技,202,95.44
886100.TI,DeepSeek概念,43,203.23,688031.SH,星环科技,4,381.69,600869.SH,远东股份,225,89.44,688239.SH,航宇科技,208,94.11
885564.TI,无人机,42,190.14,301232.SZ,飞沃科技,5,371.69,688191.SH,智洋创新,175,102.72,002361.SZ,神剑股份,209,94.11
885997.TI,比亚迪概念,42,212.19,688125.SH,安达智能,2,428.14,300606.SZ,金太阳,243,87.28,001208.SZ,华菱线缆,219,90.62
885574.TI,卫星导航,41,195.56,000547.SZ,航天发展,10,307.88,002565.SZ,顺灏股份,185,99.45,002361.SZ,神剑股份,209,94.11
886089.TI,回购增持再贷款概念,40,201.6,002969.SZ,嘉美包装,1,567.14,601872.SH,招商轮船,204,95.04,601872.SH,招商轮船,204,95.04
885552.TI,小金属概念,39,190.21,000510.SZ,新金路,17,257.62,603588.SH,高能环境,177,102.02,300390.SZ,天华新能,203,95.2
886042.TI,存储芯片,38,187.42,301308.SZ,江波龙,18,254.74,688361.SH,中科飞测,188,98.16,300390.SZ,天华新能,203,95.2
885783.TI,工业互联网,38,196.55,688031.SH,星环科技,4,381.69,300480.SZ,光力科技,202,95.44,300480.SZ,光力科技,202,95.44
885461.TI,充电桩,38,216.29,300903.SZ,科翔股份,29,211.0,600869.SH,远东股份,225,89.44,002350.SZ,北京科锐,205,94.93
885800.TI,消费电子概念,37,186.86,688125.SH,安达智能,2,428.14,301086.SZ,鸿富瀚,169,105.94,688372.SH,伟测科技,211,93.66
885425.TI,特高压,35,174.86,601179.SH,中国西电,28,212.08,002169.SZ,智光电气,162,108.4,002350.SZ,北京科锐,205,94.93
886067.TI,低空经济,35,183.23,301232.SZ,飞沃科技,5,371.69,688433.SH,华曙高科,196,96.82,688239.SH,航宇科技,208,94.11
886033.TI,共封装光学(CPO),34,171.15,002796.SZ,世嘉科技,12,291.36,300857.SZ,协创数据,140,119.24,688516.SH,奥特维,264,83.57
885823.TI,氢能源,34,215.79,301005.SZ,超捷股份,20,243.66,300816.SZ,艾可蓝,218,90.62,002350.SZ,北京科锐,205,94.93
885743.TI,军民融合,33,204.7,000547.SZ,航天发展,10,307.88,002361.SZ,神剑股份,209,94.11,002361.SZ,神剑股份,209,94.11
885521.TI,粤港澳大湾区,32,200.47,688525.SH,佰维存储,27,216.69,000973.SZ,佛塑科技,220,90.54,000973.SZ,佛塑科技,220,90.54
885413.TI,创投,32,206.62,301005.SZ,超捷股份,20,243.66,000609.SZ,ST中迪,187,98.48,300448.SZ,浩云科技,252,85.59
885545.TI,汽车电子,30,183.87,688125.SH,安达智能,2,428.14,601231.SH,环旭电子,163,107.63,002703.SZ,浙江世宝,230,88.68
885936.TI,绿色电力,30,202.73,001203.SZ,大中矿业,30,210.75,002270.SZ,华明装备,199,96.51,002350.SZ,北京科锐,205,94.93
886032.TI,固态电池,30,211.13,603778.SH,国晟科技,6,341.9,000973.SZ,佛塑科技,220,90.54,300390.SZ,天华新能,203,95.2
885789.TI,宁德时代概念,30,222.07,688125.SH,安达智能,2,428.14,000973.SZ,佛塑科技,220,90.54,300390.SZ,天华新能,203,95.2
885939.TI,海峡两岸,29,158.03,002969.SZ,嘉美包装,1,567.14,600550.SH,保变电气,125,127.0,601872.SH,招商轮船,204,95.04
885572.TI,水利,29,211.79,601179.SH,中国西电,28,212.08,001208.SZ,华菱线缆,219,90.62,601611.SH,中国核建,214,92.73
885976.TI,数字经济,29,211.9,000547.SZ,航天发展,10,307.88,300490.SZ,华自科技,233,88.15,301550.SZ,斯菱智驱,216,90.79
885705.TI,乡村振兴,27,211.67,000547.SZ,航天发展,10,307.88,000833.SZ,粤桂股份,245,86.56,300044.SZ,ST赛为,237,87.8
885312.TI,物联网,26,210.31,605178.SH,时空科技,42,187.49,002008.SZ,大族激光,194,96.95,300480.SZ,光力科技,202,95.44
885919.TI,碳中和,26,219.0,300164.SZ,通源石油,11,298.12,300490.SZ,华自科技,233,88.15,300490.SZ,华自科技,233,88.15
885736.TI,无人驾驶,26,222.58,002413.SZ,雷科防务,38,194.92,000338.SZ,潍柴动力,244,86.69,002703.SZ,浙江世宝,230,88.68
886099.TI,AI智能体,25,243.12,688031.SH,星环科技,4,381.69,300017.SZ,网宿科技,265,83.42,688158.SH,优刻得,240,87.44
885959.TI,PCB概念,24,194.38,688308.SH,欧科亿,7,323.31,300606.SZ,金太阳,243,87.28,300606.SZ,金太阳,243,87.28
886065.TI,可控核聚变,23,151.39,000657.SZ,中钨高新,21,236.83,600550.SH,保变电气,125,127.0,601611.SH,中国核建,214,92.73
885908.TI,第三代半导体,23,196.96,301338.SZ,凯格精机,35,199.29,002008.SZ,大族激光,194,96.95,300480.SZ,光力科技,202,95.44
886041.TI,数据要素,23,224.13,688031.SH,星环科技,4,381.69,300448.SZ,浩云科技,252,85.59,300490.SZ,华自科技,233,88.15
885785.TI,小米概念,22,164.55,301308.SZ,江波龙,18,254.74,002885.SZ,京泉华,155,111.59,301045.SZ,天禄科技,207,94.46
885539.TI,医疗器械概念,22,186.32,002796.SZ,世嘉科技,12,291.36,601231.SH,环旭电子,163,107.63,300390.SZ,天华新能,203,95.2
885514.TI,京津冀一体化,22,216.32,601126.SH,四方股份,31,207.16,600722.SH,金牛化工,234,87.93,002350.SZ,北京科锐,205,94.93
885611.TI,阿里巴巴概念,22,226.77,688525.SH,佰维存储,27,216.69,000981.SZ,山子高科,259,83.95,002350.SZ,北京科锐,205,94.93
885378.TI,智慧城市,22,230.45,605289.SH,罗曼股份,33,205.5,300448.SZ,浩云科技,252,85.59,600869.SH,远东股份,225,89.44
885566.TI,大飞机,21,159.9,301232.SZ,飞沃科技,5,371.69,300900.SZ,广联航空,148,114.42,600391.SH,航发科技,206,94.48
886009.TI,先进封装,21,175.86,301308.SZ,江波龙,18,254.74,688361.SH,中科飞测,188,98.16,300480.SZ,光力科技,202,95.44
886084.TI,光纤概念,21,186.57,603618.SH,杭电股份,45,181.69,600498.SH,烽火通信,147,114.61,600869.SH,远东股份,225,89.44
885973.TI,金属铜,21,186.81,000510.SZ,新金路,17,257.62,603588.SH,高能环境,177,102.02,600301.SH,华锡有色,228,88.94
885430.TI,天然气,20,170.8,001331.SZ,胜通能源,8,322.0,000593.SZ,德龙汇能,150,113.7,601872.SH,招商轮船,204,95.04
885412.TI,污水处理,20,174.55,001267.SZ,汇绿生态,56,166.22,603588.SH,高能环境,177,102.02,002361.SZ,神剑股份,209,94.11
886037.TI,6G概念,20,175.6,002796.SZ,世嘉科技,12,291.36,600498.SH,烽火通信,147,114.61,603186.SH,华正新材,258,84.43
886069.TI,人形机器人,20,198.85,688125.SH,安达智能,2,428.14,001208.SZ,华菱线缆,219,90.62,301550.SZ,斯菱智驱,216,90.79
885884.TI,航空发动机,19,153.11,301232.SZ,飞沃科技,5,371.69,300900.SZ,广联航空,148,114.42,600391.SH,航发科技,206,94.48
886002.TI,机器视觉,19,187.32,688125.SH,安达智能,2,428.14,002008.SZ,大族激光,194,96.95,300490.SZ,华自科技,233,88.15
884088.TI,输变电设备,19,202.84,601179.SH,中国西电,28,212.08,688676.SH,金盘科技,192,97.53,002350.SZ,北京科锐,205,94.93
885964.TI,俄乌冲突概念,19,203.63,300164.SZ,通源石油,11,298.12,000933.SZ,神火股份,212,93.59,601872.SH,招商轮船,204,95.04
885402.TI,智能医疗,19,265.32,300300.SZ,海峡创新,58,164.08,300520.SZ,科大国创,291,80.53,300816.SZ,艾可蓝,218,90.62
885930.TI,工业母机,18,160.72,688125.SH,安达智能,2,428.14,002008.SZ,大族激光,194,96.95,300480.SZ,光力科技,202,95.44
885478.TI,智能家居,18,197.22,300749.SZ,顶固集创,13,290.62,605318.SH,法狮龙,156,111.35,000988.SZ,华工科技,268,83.22
885948.TI,柔性直流输电,17,168.94,601179.SH,中国西电,28,212.08,603530.SH,神马电力,136,121.03,600869.SH,远东股份,225,89.44
885738.TI,OLED,17,171.94,603929.SH,亚翔集成,22,234.96,688593.SH,新相微,158,111.33,000973.SZ,佛塑科技,220,90.54
886044.TI,液冷服务器,17,184.0,605289.SH,罗曼股份,33,205.5,002639.SZ,雪人集团,184,99.63,600869.SH,远东股份,225,89.44
886108.TI,AI应用,17,208.18,688031.SH,星环科技,4,381.69,300448.SZ,浩云科技,252,85.59,300448.SZ,浩云科技,252,85.59
885537.TI,3D打印,17,216.82,688102.SH,斯瑞新材,55,166.77,002361.SZ,神剑股份,209,94.11,002361.SZ,神剑股份,209,94.11
885775.TI,燃料电池,17,237.94,002498.SZ,汉缆股份,49,175.9,000338.SZ,潍柴动力,244,86.69,002350.SZ,北京科锐,205,94.93
885935.TI,抽水蓄能,16,148.06,601126.SH,四方股份,31,207.16,000533.SZ,顺钠股份,131,122.12,002342.SZ,巨力索具,287,81.1
885376.TI,苹果概念,16,181.69,688125.SH,安达智能,2,428.14,300567.SZ,精测电子,181,100.1,300201.SZ,海伦哲,239,87.74
886057.TI,新型工业化,16,199.69,688125.SH,安达智能,2,428.14,300044.SZ,ST赛为,237,87.8,300490.SZ,华自科技,233,88.15
885530.TI,黄金概念,16,211.81,300139.SZ,晓程科技,51,170.57,603588.SH,高能环境,177,102.02,000506.SZ,招金黄金,262,83.77
885459.TI,网络安全,16,229.94,000547.SZ,航天发展,10,307.88,301218.SZ,华是科技,274,82.72,301248.SZ,杰创智能,261,83.83
885362.TI,云计算,16,250.44,603629.SH,利通电子,75,150.28,301248.SZ,杰创智能,261,83.83,300816.SZ,艾可蓝,218,90.62
885946.TI,传感器,16,261.75,600879.SH,航天电子,64,157.25,300912.SZ,凯龙高科,315,76.75,300480.SZ,光力科技,202,95.44
885709.TI,虚拟现实,15,167.53,000547.SZ,航天发展,10,307.88,002047.SZ,*ST宝鹰,153,112.35,300490.SZ,华自科技,233,88.15
886004.TI,虚拟电厂,15,172.33,603778.SH,国晟科技,6,341.9,002546.SZ,新联电子,182,99.83,002350.SZ,北京科锐,205,94.93
885875.TI,MiniLED,15,192.6,300903.SZ,科翔股份,29,211.0,300490.SZ,华自科技,233,88.15,300490.SZ,华自科技,233,88.15
886013.TI,信创,15,210.27,688031.SH,星环科技,4,381.69,301248.SZ,杰创智能,261,83.83,688158.SH,优刻得,240,87.44
886076.TI,军工信息化,15,215.13,000547.SZ,航天发展,10,307.88,300520.SZ,科大国创,291,80.53,688011.SH,新光光电,222,90.13
885662.TI,车联网(车路协同),15,261.07,002413.SZ,雷科防务,38,194.92,300520.SZ,科大国创,291,80.53,300044.SZ,ST赛为,237,87.8
885991.TI,新型城镇化,14,192.21,603778.SH,国晟科技,6,341.9,301148.SZ,嘉戎技术,210,93.92,301148.SZ,嘉戎技术,210,93.92
885730.TI,量子科技,14,209.43,601179.SH,中国西电,28,212.08,000988.SZ,华工科技,268,83.22,000988.SZ,华工科技,268,83.22
885690.TI,PPP概念,14,211.36,603778.SH,国晟科技,6,341.9,300055.SZ,万邦达,235,87.93,601611.SH,中国核建,214,92.73
886006.TI,钙钛矿电池,14,233.36,603778.SH,国晟科技,6,341.9,688530.SH,欧莱新材,253,85.52,002865.SZ,钧达股份,224,89.71
885744.TI,雄安新区,14,238.5,300986.SZ,志特新材,122,128.02,603097.SH,江苏华辰,266,83.39,002350.SZ,北京科锐,205,94.93
885423.TI,安防,14,271.0,000547.SZ,航天发展,10,307.88,002519.SZ,银河电子,293,80.48,300044.SZ,ST赛为,237,87.8
886085.TI,AI眼镜,13,130.62,301308.SZ,江波龙,18,254.74,002047.SZ,*ST宝鹰,153,112.35,000973.SZ,佛塑科技,220,90.54
885617.TI,福建自贸区,13,149.38,000547.SZ,航天发展,10,307.88,600549.SH,厦门钨业,119,129.1,301148.SZ,嘉戎技术,210,93.92
885454.TI,智能穿戴,13,159.77,301308.SZ,江波龙,18,254.74,002047.SZ,*ST宝鹰,153,112.35,688127.SH,蓝特光学,279,82.17
885970.TI,金属锌,13,160.15,001203.SZ,大中矿业,30,210.75,002667.SZ,威领股份,129,123.82,600301.SH,华锡有色,228,88.94
886105.TI,雅下水电概念,13,173.38,000657.SZ,中钨高新,21,236.83,002639.SZ,雪人集团,184,99.63,600869.SH,远东股份,225,89.44
885786.TI,富士康概念,13,173.92,603929.SH,亚翔集成,22,234.96,301086.SZ,鸿富瀚,169,105.94,300606.SZ,金太阳,243,87.28
885543.TI,家用电器,13,174.85,300749.SZ,顶固集创,13,290.62,300857.SZ,协创数据,140,119.24,000988.SZ,华工科技,268,83.22
885897.TI,中芯国际概念,13,179.62,603929.SH,亚翔集成,22,234.96,300666.SZ,江丰电子,171,105.33,300390.SZ,天华新能,203,95.2
885819.TI,电力物联网,13,186.92,601126.SH,四方股份,31,207.16,002546.SZ,新联电子,182,99.83,300201.SZ,海伦哲,239,87.74
886019.TI,AIGC概念,13,192.85,688031.SH,星环科技,4,381.69,301248.SZ,杰创智能,261,83.83,301248.SZ,杰创智能,261,83.83
885972.TI,金属回收,13,206.08,000657.SZ,中钨高新,21,236.83,002379.SZ,宏桥控股,249,85.84,002379.SZ,宏桥控股,249,85.84
885924.TI,共同富裕示范区,13,209.46,688109.SH,品茗科技,41,192.22,002082.SZ,万邦德,223,90.02,002082.SZ,万邦德,223,90.02
885345.TI,新疆振兴,13,212.77,300164.SZ,通源石油,11,298.12,920088.BJ,科力股份,144,116.77,001208.SZ,华菱线缆,219,90.62
885699.TI,ST板块,13,218.62,002713.SZ,*ST东易,36,197.47,300044.SZ,ST赛为,237,87.8,300044.SZ,ST赛为,237,87.8
885467.TI,特斯拉概念,13,221.38,301005.SZ,超捷股份,20,243.66,000988.SZ,华工科技,268,83.22,600869.SH,远东股份,225,89.44
886001.TI,高压快充,13,224.46,603353.SH,和顺石油,84,146.16,300490.SZ,华自科技,233,88.15,002350.SZ,北京科锐,205,94.93
885945.TI,汽车芯片,13,234.31,688525.SH,佰维存储,27,216.69,688691.SH,灿芯股份,303,78.67,688372.SH,伟测科技,211,93.66
884274.TI,IT服务Ⅲ,13,241.23,300300.SZ,海峡创新,58,164.08,300448.SZ,浩云科技,252,85.59,300044.SZ,ST赛为,237,87.8
885956.TI,智慧政务,13,261.54,000547.SZ,航天发展,10,307.88,603843.SH,*ST正平,290,80.67,688158.SH,优刻得,240,87.44
885562.TI,高铁,13,272.0,920046.BJ,亿能电力,115,130.6,300062.SZ,中能电气,306,78.36,002361.SZ,神剑股份,209,94.11
885832.TI,长三角一体化,12,128.25,603929.SH,亚翔集成,22,234.96,600487.SH,亨通光电,114,130.91,601611.SH,中国核建,214,92.73
885787.TI,独角兽概念,12,148.67,688031.SH,星环科技,4,381.69,000890.SZ,法尔胜,143,117.85,600869.SH,远东股份,225,89.44
885971.TI,金属铅,12,152.67,001203.SZ,大中矿业,30,210.75,002667.SZ,威领股份,129,123.82,600301.SH,华锡有色,228,88.94
885642.TI,跨境电商,12,176.0,603301.SH,振德医疗,40,192.49,002348.SZ,高乐股份,141,119.08,600108.SH,亚盛集团,317,76.3
885942.TI,数据安全,12,186.08,688031.SH,星环科技,4,381.69,688158.SH,优刻得,240,87.44,688158.SH,优刻得,240,87.44
884075.TI,金属制品,12,186.17,002931.SZ,锋龙股份,3,391.21,301137.SZ,哈焊华通,247,86.24,301137.SZ,哈焊华通,247,86.24
885928.TI,钠离子电池,12,190.83,300903.SZ,科翔股份,29,211.0,600869.SH,远东股份,225,89.44,600869.SH,远东股份,225,89.44
885980.TI,华为鲲鹏,12,202.5,688031.SH,星环科技,4,381.69,300448.SZ,浩云科技,252,85.59,300490.SZ,华自科技,233,88.15
885820.TI,数字孪生,12,202.92,601126.SH,四方股份,31,207.16,300490.SZ,华自科技,233,88.15,300490.SZ,华自科技,233,88.15
885893.TI,国家大基金持股,12,211.25,301308.SZ,江波龙,18,254.74,688361.SH,中科飞测,188,98.16,688702.SH,盛科通信,281,81.79
886050.TI,算力租赁,12,211.75,002713.SZ,*ST东易,36,197.47,688158.SH,优刻得,240,87.44,300816.SZ,艾可蓝,218,90.62
885779.TI,腾讯概念,12,218.58,300475.SZ,香农芯创,37,195.12,301248.SZ,杰创智能,261,83.83,301248.SZ,杰创智能,261,83.83
884287.TI,数字芯片设计,11,191.36,301308.SZ,江波龙,18,254.74,688593.SH,新相微,158,111.33,688702.SH,盛科通信,281,81.79
884089.TI,线缆部件及其他,11,192.55,603618.SH,杭电股份,45,181.69,605196.SH,华通线缆,215,91.9,605196.SH,华通线缆,215,91.9
885987.TI,MicroLED概念,11,199.09,300751.SZ,迈为股份,44,182.06,002008.SZ,大族激光,194,96.95,688530.SH,欧莱新材,253,85.52
884098.TI,消费电子零部件及组装,11,203.82,300136.SZ,信维通信,48,178.3,301086.SZ,鸿富瀚,169,105.94,301626.SZ,苏州天脉,232,88.36
885920.TI,光伏建筑一体化,11,212.91,001896.SZ,豫能控股,39,193.2,002350.SZ,北京科锐,205,94.93,002350.SZ,北京科锐,205,94.93
885770.TI,智能物流,11,216.82,301005.SZ,超捷股份,20,243.66,000981.SZ,山子高科,259,83.95,000338.SZ,潍柴动力,244,86.69
885741.TI,中字头股票,11,233.64,000657.SZ,中钨高新,21,236.83,601600.SH,中国铝业,248,85.94,601611.SH,中国核建,214,92.73
886007.TI,TOPCON电池,11,240.73,603778.SH,国晟科技,6,341.9,000833.SZ,粤桂股份,245,86.56,002865.SZ,钧达股份,224,89.71
885757.TI,区块链,11,261.27,300427.SZ,红相股份,68,155.54,300520.SZ,科大国创,291,80.53,300448.SZ,浩云科技,252,85.59
885962.TI,土壤修复,10,137.5,001267.SZ,汇绿生态,56,166.22,300437.SZ,清水源,174,103.14,300948.SZ,冠中生态,251,85.63
885809.TI,柔性屏(折叠屏),10,193.8,603929.SH,亚翔集成,22,234.96,300606.SZ,金太阳,243,87.28,300606.SZ,金太阳,243,87.28
885410.TI,固废处理,10,201.9,688679.SH,通源环境,67,155.84,003035.SZ,南网能源,190,97.93,300055.SZ,万邦达,235,87.93
885890.TI,抖音概念(字节概念),10,206.2,300475.SZ,香农芯创,37,195.12,300044.SZ,ST赛为,237,87.8,300442.SZ,润泽科技,229,88.85
886058.TI,华为昇腾,10,208.0,688031.SH,星环科技,4,381.69,301248.SZ,杰创智能,261,83.83,688158.SH,优刻得,240,87.44
885999.TI,汽车热管理,10,232.3,301005.SZ,超捷股份,20,243.66,000988.SZ,华工科技,268,83.22,301626.SZ,苏州天脉,232,88.36
885925.TI,MCU芯片,10,234.8,688766.SH,普冉股份,23,234.49,688172.SH,燕东微,283,81.48,688372.SH,伟测科技,211,93.66
885497.TI,旅游概念,10,237.6,000592.SZ,平潭发展,16,258.64,603843.SH,*ST正平,290,80.67,000792.SZ,盐湖股份,254,85.22
885797.TI,百度概念,10,244.7,300058.SZ,蓝色光标,71,152.94,000988.SZ,华工科技,268,83.22,300448.SZ,浩云科技,252,85.59
885863.TI,磷化工,10,257.7,002667.SZ,威领股份,129,123.82,688275.SH,万润新能,246,86.29,600078.SH,澄星股份,227,89.17
886093.TI,华为数字能源,9,148.33,300814.SZ,中富电路,62,161.28,002506.SZ,协鑫集成,146,114.87,301248.SZ,杰创智能,261,83.83
885835.TI,参股银行,9,195.67,001203.SZ,大中矿业,30,210.75,600869.SH,远东股份,225,89.44,600869.SH,远东股份,225,89.44
886062.TI,多模态AI,9,212.33,688031.SH,星环科技,4,381.69,300448.SZ,浩云科技,252,85.59,300490.SZ,华自科技,233,88.15
886038.TI,超导概念,9,218.89,002149.SZ,西部材料,52,169.54,600869.SH,远东股份,225,89.44,600869.SH,远东股份,225,89.44
885878.TI,HJT电池,9,226.0,603778.SH,国晟科技,6,341.9,300842.SZ,帝科股份,231,88.54,300842.SZ,帝科股份,231,88.54
885986.TI,碳交易,9,232.89,688335.SH,复洁科技,61,161.6,300948.SZ,冠中生态,251,85.63,300490.SZ,华自科技,233,88.15
885914.TI,煤炭概念,9,238.44,001896.SZ,豫能控股,39,193.2,600403.SH,大有能源,221,90.46,000933.SZ,神火股份,212,93.59
886035.TI,毫米波雷达,8,117.0,300903.SZ,科翔股份,29,211.0,300814.SZ,中富电路,62,161.28,603186.SH,华正新材,258,84.43
885961.TI,净水概念,8,130.62,688480.SH,赛恩斯,59,163.72,000890.SZ,法尔胜,143,117.85,300490.SZ,华自科技,233,88.15
884065.TI,装饰园林,8,133.5,605289.SH,罗曼股份,33,205.5,605287.SH,德才股份,72,152.42,603316.SH,诚邦股份,330,75.41
885934.TI,元宇宙,8,139.88,000547.SZ,航天发展,10,307.88,002047.SZ,*ST宝鹰,153,112.35,300017.SZ,网宿科技,265,83.42
886054.TI,光刻机,8,184.25,688167.SH,炬光科技,80,147.74,300666.SZ,江丰电子,171,105.33,688127.SH,蓝特光学,279,82.17
885965.TI,中俄贸易概念,8,193.75,002792.SZ,通宇通讯,53,168.31,605196.SH,华通线缆,215,91.9,002350.SZ,北京科锐,205,94.93
884266.TI,军工电子Ⅲ,8,204.62,000547.SZ,航天发展,10,307.88,002519.SZ,银河电子,293,80.48,688011.SH,新光光电,222,90.13
885372.TI,页岩气,8,208.0,300164.SZ,通源石油,11,298.12,600871.SH,石化油服,271,82.93,600871.SH,石化油服,271,82.93
885969.TI,金属镍,8,224.88,000603.SZ,盛达资源,92,140.65,605376.SH,博迁新材,180,100.32,301265.SZ,华新环保,304,78.58
885480.TI,在线教育,8,226.0,300058.SZ,蓝色光标,71,152.94,300017.SZ,网宿科技,265,83.42,301248.SZ,杰创智能,261,83.83
885958.TI,硅能源,8,229.25,603778.SH,国晟科技,6,341.9,603938.SH,三孚股份,269,83.2,603938.SH,三孚股份,269,83.2
885915.TI,物业管理,8,237.12,688109.SH,品茗科技,41,192.22,000608.SZ,*ST阳光,311,77.13,000608.SZ,*ST阳光,311,77.13
886061.TI,长安汽车概念,8,252.5,002931.SZ,锋龙股份,3,391.21,002519.SZ,银河电子,293,80.48,002703.SZ,浙江世宝,230,88.68
886106.TI,2025三季报预增,8,258.62,300604.SZ,长川科技,123,127.79,002290.SZ,禾盛新材,302,78.86,000833.SZ,粤桂股份,245,86.56
884053.TI,铝,8,280.75,600219.SH,南山铝业,165,106.94,000807.SZ,云铝股份,280,81.82,000933.SZ,神火股份,212,93.59
885343.TI,稀土永磁,8,302.75,600549.SH,厦门钨业,119,129.1,000969.SZ,安泰科技,350,72.6,601600.SH,中国铝业,248,85.94
885834.TI,华为汽车,7,128.43,301005.SZ,超捷股份,20,243.66,600105.SH,永鼎股份,82,146.43,000981.SZ,山子高科,259,83.95
886043.TI,太赫兹,7,130.14,002413.SZ,雷科防务,38,194.92,300342.SZ,天银机电,96,138.06,600590.SH,泰豪科技,345,73.19
884262.TI,通信网络设备及器件,7,135.86,002796.SZ,世嘉科技,12,291.36,688387.SH,信科移动,78,148.57,300394.SZ,天孚通信,267,83.34
885996.TI,超超临界发电,7,147.0,001896.SZ,豫能控股,39,193.2,600875.SH,东方电气,128,124.54,300157.SZ,新锦动力,356,72.0
885355.TI,石墨烯,7,166.14,000510.SZ,新金路,17,257.62,002471.SZ,中超控股,159,109.35,002361.SZ,神剑股份,209,94.11
885398.TI,煤化工概念,7,189.71,600343.SH,航天动力,95,138.46,603698.SH,航天工程,170,105.79,600722.SH,金牛化工,234,87.93
885759.TI,人脸识别,7,190.29,300102.SZ,乾照光电,57,165.37,300044.SZ,ST赛为,237,87.8,300044.SZ,ST赛为,237,87.8
884092.TI,印制电路板,7,211.71,300903.SZ,科翔股份,29,211.0,603186.SH,华正新材,258,84.43,603186.SH,华正新材,258,84.43
886046.TI,MR(混合现实),7,215.43,000547.SZ,航天发展,10,307.88,002008.SZ,大族激光,194,96.95,301486.SZ,致尚科技,294,80.38
886059.TI,智能座舱,7,223.29,301308.SZ,江波龙,18,254.74,000988.SZ,华工科技,268,83.22,000988.SZ,华工科技,268,83.22
886052.TI,核污染防治,7,247.14,603308.SH,应流股份,116,130.56,300201.SZ,海伦哲,239,87.74,301148.SZ,嘉戎技术,210,93.92
885663.TI,证金持股,7,249.86,600219.SH,南山铝业,165,106.94,000338.SZ,潍柴动力,244,86.69,000973.SZ,佛塑科技,220,90.54
884290.TI,底盘与发动机系统,7,258.43,000559.SZ,万向钱潮,138,120.75,000338.SZ,潍柴动力,244,86.69,301550.SZ,斯菱智驱,216,90.79
886053.TI,BC电池,7,262.57,002506.SZ,协鑫集成,146,114.87,688516.SH,奥特维,264,83.57,002865.SZ,钧达股份,224,89.71
885706.TI,农机,7,266.43,605060.SH,联德股份,102,134.68,000988.SZ,华工科技,268,83.22,301550.SZ,斯菱智驱,216,90.79
885938.TI,换电概念,6,138.67,301005.SZ,超捷股份,20,243.66,300444.SZ,双杰电气,142,118.53,300490.SZ,华自科技,233,88.15
885418.TI,文化传媒概念,6,145.17,300300.SZ,海峡创新,58,164.08,000603.SZ,盛达资源,92,140.65,300959.SZ,线上线下,276,82.46
885760.TI,装配式建筑,6,153.33,002713.SZ,*ST东易,36,197.47,002047.SZ,*ST宝鹰,153,112.35,600629.SH,华建集团,381,69.08
884080.TI,能源及重型设备,6,167.33,600397.SH,江钨装备,63,158.46,603698.SH,航天工程,170,105.79,300480.SZ,光力科技,202,95.44
885868.TI,无线耳机,6,181.33,300136.SZ,信维通信,48,178.3,601231.SH,环旭电子,163,107.63,603986.SH,兆易创新,326,75.69
884186.TI,其他小金属,6,183.17,002149.SZ,西部材料,52,169.54,600301.SH,华锡有色,228,88.94,600301.SH,华锡有色,228,88.94
885940.TI,WiFi6,6,185.0,300136.SZ,信维通信,48,178.3,601231.SH,环旭电子,163,107.63,002429.SZ,兆驰股份,321,76.23
884086.TI,电气自控设备,6,189.0,601126.SH,四方股份,31,207.16,002546.SZ,新联电子,182,99.83,688330.SH,宏力达,343,73.24
885886.TI,超级电容,6,194.5,601179.SH,中国西电,28,212.08,002350.SZ,北京科锐,205,94.93,002350.SZ,北京科锐,205,94.93
885456.TI,互联网金融,6,196.17,002713.SZ,*ST东易,36,197.47,002756.SZ,永兴材料,217,90.63,002756.SZ,永兴材料,217,90.63
886060.TI,短剧游戏,6,196.67,300058.SZ,蓝色光标,71,152.94,300959.SZ,线上线下,276,82.46,300959.SZ,线上线下,276,82.46
884074.TI,其他通用设备,6,217.17,600343.SH,航天动力,95,138.46,300257.SZ,开山股份,236,87.85,300257.SZ,开山股份,236,87.85
884303.TI,光伏电池组件,6,223.0,603778.SH,国晟科技,6,341.9,600151.SH,航天机电,275,82.66,002865.SZ,钧达股份,224,89.71
885967.TI,化肥,6,224.17,000592.SZ,平潭发展,16,258.64,000792.SZ,盐湖股份,254,85.22,000833.SZ,粤桂股份,245,86.56
885522.TI,养老概念,6,224.83,002413.SZ,雷科防务,38,194.92,300520.SZ,科大国创,291,80.53,300044.SZ,ST赛为,237,87.8
885650.TI,碳纤维,6,225.83,600089.SH,特变电工,132,122.1,002361.SZ,神剑股份,209,94.11,002361.SZ,神剑股份,209,94.11
885864.TI,光刻胶,6,227.83,688125.SH,安达智能,2,428.14,601208.SH,东材科技,301,79.0,002455.SZ,百川股份,260,83.9
885742.TI,摘帽,6,228.5,300300.SZ,海峡创新,58,164.08,688282.SH,理工导航,285,81.3,000506.SZ,招金黄金,262,83.77
885922.TI,盐湖提锂,6,236.67,300774.SZ,倍杰特,85,146.16,000792.SZ,盐湖股份,254,85.22,300055.SZ,万邦达,235,87.93
885502.TI,冷链物流,6,244.67,002639.SZ,雪人集团,184,99.63,603813.SH,*ST原尚,255,84.97,300257.SZ,开山股份,236,87.85
886036.TI,时空大数据,6,273.17,300456.SZ,赛微电子,160,109.26,301218.SZ,华是科技,274,82.72,300044.SZ,ST赛为,237,87.8
886071.TI,AI PC,5,92.4,688031.SH,星环科技,4,381.69,688525.SH,佰维存储,27,216.69,001389.SZ,广合科技,379,69.17
886064.TI,小米汽车,5,104.0,301308.SZ,江波龙,18,254.74,600487.SH,亨通光电,114,130.91,002703.SZ,浙江世宝,230,88.68
885894.TI,海南自贸区,5,145.0,600759.SH,洲际油气,15,264.91,688676.SH,金盘科技,192,97.53,002865.SZ,钧达股份,224,89.71
884084.TI,环保设备Ⅲ,5,154.4,688335.SH,复洁科技,61,161.6,000890.SZ,法尔胜,143,117.85,300137.SZ,先河环保,314,76.98
884310.TI,电池化学品,5,158.2,301292.SZ,海科新源,60,162.11,002759.SZ,天际股份,176,102.56,300390.SZ,天华新能,203,95.2
884180.TI,航天装备,5,158.8,688523.SH,航天环宇,32,206.5,600118.SH,中国卫星,69,153.5,688282.SH,理工导航,285,81.3
884263.TI,通信线缆及配套,5,167.4,600105.SH,永鼎股份,82,146.43,600487.SH,亨通光电,114,130.91,600522.SH,中天科技,364,71.28
884229.TI,半导体设备,5,168.0,603061.SH,金海通,65,156.45,688072.SH,拓荆科技,152,112.8,301629.SZ,矽电股份,312,77.05
885854.TI,垃圾分类,5,179.0,301468.SZ,博盈特焊,70,153.24,603588.SH,高能环境,177,102.02,300490.SZ,华自科技,233,88.15
885998.TI,F5G概念,5,180.6,002792.SZ,通宇通讯,53,168.31,600498.SH,烽火通信,147,114.61,000988.SZ,华工科技,268,83.22
884016.TI,油气开采,5,191.2,600759.SH,洲际油气,15,264.91,603619.SH,中曼石油,134,121.88,300483.SZ,首华燃气,355,72.07
885963.TI,智慧灯杆,5,193.6,605289.SH,罗曼股份,33,205.5,301248.SZ,杰创智能,261,83.83,301248.SZ,杰创智能,261,83.83
885865.TI,金属钴,5,197.8,000657.SZ,中钨高新,21,236.83,000426.SZ,兴业银锡,161,108.92,301265.SZ,华新环保,304,78.58
885842.TI,数字乡村,5,198.4,002792.SZ,通宇通讯,53,168.31,688158.SH,优刻得,240,87.44,688158.SH,优刻得,240,87.44
886095.TI,IP经济(谷子经济),5,203.2,605289.SH,罗曼股份,33,205.5,600693.SH,东百集团,197,96.64,000620.SZ,盈新发展,300,79.04
886048.TI,英伟达概念,5,204.0,603629.SH,利通电子,75,150.28,688661.SH,和林微纳,149,114.18,300394.SZ,天孚通信,267,83.34
886049.TI,空间计算,5,212.0,605289.SH,罗曼股份,33,205.5,301218.SZ,华是科技,274,82.72,301218.SZ,华是科技,274,82.72
884034.TI,其他化学制品,5,214.6,300437.SZ,清水源,174,103.14,301373.SZ,凌玮科技,200,96.07,688625.SH,呈和科技,250,85.77
885439.TI,土地流转,5,238.2,600759.SH,洲际油气,15,264.91,300189.SZ,神农种业,273,82.75,000833.SZ,粤桂股份,245,86.56
884181.TI,航空装备,5,251.8,300900.SZ,广联航空,148,114.42,688239.SH,航宇科技,208,94.11,600391.SH,航发科技,206,94.48
885692.TI,地下管网,5,253.8,002478.SZ,常宝股份,118,129.81,603843.SH,*ST正平,290,80.67,603843.SH,*ST正平,290,80.67
886102.TI,中国AI 50,5,266.2,688676.SH,金盘科技,192,97.53,688158.SH,优刻得,240,87.44,300442.SZ,润泽科技,229,88.85
885812.TI,农业种植,5,270.4,002772.SZ,众兴菌业,127,124.74,300189.SZ,神农种业,273,82.75,000833.SZ,粤桂股份,245,86.56
886008.TI,减速器,5,276.6,002008.SZ,大族激光,194,96.95,000981.SZ,山子高科,259,83.95,301550.SZ,斯菱智驱,216,90.79
885472.TI,上海自贸区,5,277.6,601872.SH,招商轮船,204,95.04,600151.SH,航天机电,275,82.66,601872.SH,招商轮船,204,95.04
884225.TI,其他电源设备Ⅲ,5,294.2,600875.SH,东方电气,128,124.54,300593.SZ,新雷能,359,71.78,300490.SZ,华自科技,233,88.15
885923.TI,鸿蒙概念,5,301.8,688191.SH,智洋创新,175,102.72,002429.SZ,兆驰股份,321,76.23,300448.SZ,浩云科技,252,85.59
885620.TI,参股券商,5,330.6,600362.SH,江西铜业,270,83.19,600108.SH,亚盛集团,317,76.3,600362.SH,江西铜业,270,83.19
884282.TI,钨,4,45.75,002842.SZ,翔鹭钨业,19,253.46,002378.SZ,章源钨业,24,232.91,600549.SH,厦门钨业,119,129.1
885540.TI,三胎概念,4,110.5,300658.SZ,延江股份,14,270.41,002348.SZ,高乐股份,141,119.08,301075.SZ,多瑞医药,166,106.81
884082.TI,其他专用设备,4,117.5,301338.SZ,凯格精机,35,199.29,688627.SH,精智达,108,132.57,001400.SZ,江顺科技,257,84.75
886015.TI,创新药,4,128.5,000534.SZ,万泽股份,46,181.22,301075.SZ,多瑞医药,166,106.81,002082.SZ,万邦德,223,90.02
886003.TI,钒电池,4,129.0,603067.SH,振华股份,66,156.25,002506.SZ,协鑫集成,146,114.87,002169.SZ,智光电气,162,108.4
884071.TI,磨具磨料,4,135.0,688028.SH,沃尔德,26,219.63,600172.SH,黄河旋风,198,96.57,300606.SZ,金太阳,243,87.28
884090.TI,分立器件,4,138.5,688498.SH,源杰科技,74,150.55,688048.SH,长光华芯,117,130.41,688172.SH,燕东微,283,81.48
884185.TI,贵金属Ⅲ,4,141.0,300139.SZ,晓程科技,51,170.57,001337.SZ,四川黄金,151,112.82,000506.SZ,招金黄金,262,83.77
885774.TI,无线充电,4,150.75,300136.SZ,信维通信,48,178.3,002885.SZ,京泉华,155,111.59,000969.SZ,安泰科技,350,72.6
884193.TI,其他电子Ⅲ,4,151.0,300475.SZ,香农芯创,37,195.12,002885.SZ,京泉华,155,111.59,300516.SZ,久之洋,322,76.11
885937.TI,培育钻石,4,163.75,688028.SH,沃尔德,26,219.63,600172.SH,黄河旋风,198,96.57,603389.SH,*ST亚振,358,71.79
884091.TI,半导体材料,4,166.0,688233.SH,神工股份,86,145.82,300666.SZ,江丰电子,171,105.33,688530.SH,欧莱新材,253,85.52
884270.TI,综合环境治理,4,168.25,688480.SH,赛恩斯,59,163.72,688485.SH,九州一轨,226,89.43,688485.SH,九州一轨,226,89.43
885551.TI,氟化工概念,4,171.0,002083.SZ,孚日股份,121,128.11,300617.SZ,安靠智电,186,98.85,002440.SZ,闰土股份,201,95.51
886066.TI,飞行汽车(eVTOL),4,178.5,301005.SZ,超捷股份,20,243.66,688433.SH,华曙高科,196,96.82,000969.SZ,安泰科技,350,72.6
885944.TI,动力电池回收,4,184.25,002353.SZ,杰瑞股份,76,149.74,002455.SZ,百川股份,260,83.9,002455.SZ,百川股份,260,83.9
886010.TI,空气能热泵,4,198.0,920088.BJ,科力股份,144,116.77,002639.SZ,雪人集团,184,99.63,301317.SZ,鑫磊股份,318,76.3
884018.TI,油服工程,4,199.5,300164.SZ,通源石油,11,298.12,600871.SH,石化油服,271,82.93,600871.SH,石化油服,271,82.93
886020.TI,PET铜箔,4,206.0,603618.SH,杭电股份,45,181.69,688530.SH,欧莱新材,253,85.52,600869.SH,远东股份,225,89.44
885586.TI,职业教育,4,210.5,001203.SZ,大中矿业,30,210.75,605056.SH,咸亨国际,349,72.67,605056.SH,咸亨国际,349,72.67
886091.TI,华为手机,4,213.25,301338.SZ,凯格精机,35,199.29,301526.SZ,国际复材,289,80.78,301526.SZ,国际复材,289,80.78
886090.TI,智谱AI,4,217.5,300058.SZ,蓝色光标,71,152.94,301248.SZ,杰创智能,261,83.83,688158.SH,优刻得,240,87.44
886031.TI,ChatGPT概念,4,220.5,300058.SZ,蓝色光标,71,152.94,300520.SZ,科大国创,291,80.53,300520.SZ,科大国创,291,80.53
885661.TI,医药电商,4,224.5,603301.SH,振德医疗,40,192.49,300626.SZ,华瑞股份,297,79.98,002082.SZ,万邦德,223,90.02
885883.TI,医疗废物处理,4,224.75,300385.SZ,雪浪环境,87,145.25,300055.SZ,万邦达,235,87.93,300055.SZ,万邦达,235,87.93
884202.TI,住宅开发,4,233.0,002208.SZ,合肥城建,104,134.42,000620.SZ,盈新发展,300,79.04,000620.SZ,盈新发展,300,79.04
885386.TI,建筑节能,4,240.25,603601.SH,再升科技,139,119.54,300948.SZ,冠中生态,251,85.63,300948.SZ,冠中生态,251,85.63
885874.TI,云游戏,4,245.0,300857.SZ,协创数据,140,119.24,300846.SZ,首都在线,298,79.69,688158.SH,优刻得,240,87.44
885795.TI,国产航母,4,245.5,600118.SH,中国卫星,69,153.5,600590.SH,泰豪科技,345,73.19,600391.SH,航发科技,206,94.48
885428.TI,特钢概念,4,248.75,002478.SZ,常宝股份,118,129.81,603667.SH,五洲新春,328,75.6,002756.SZ,永兴材料,217,90.63
884054.TI,铜,4,288.75,601212.SH,白银有色,124,127.52,000630.SZ,铜陵有色,377,69.7,600362.SH,江西铜业,270,83.19
885750.TI,特色小镇,4,303.75,000792.SZ,盐湖股份,254,85.22,603316.SH,诚邦股份,330,75.41,000792.SZ,盐湖股份,254,85.22
884304.TI,逆变器,4,322.75,688390.SH,固德威,272,82.81,605117.SH,德业股份,339,73.47,688390.SH,固德威,272,82.81
885876.TI,网红经济,3,68.33,002718.SZ,友邦吊顶,25,221.35,300058.SZ,蓝色光标,71,152.94,002853.SZ,皮阿诺,109,132.54
884299.TI,定制家居,3,70.0,300749.SZ,顶固集创,13,290.62,603216.SH,梦天家居,88,143.77,002853.SZ,皮阿诺,109,132.54
885982.TI,华为欧拉,3,95.0,000547.SZ,航天发展,10,307.88,688227.SH,品高股份,97,136.33,688258.SH,卓易信息,178,101.22
884062.TI,其他建材,3,101.0,002718.SZ,友邦吊顶,25,221.35,300986.SZ,志特新材,122,128.02,605318.SH,法狮龙,156,111.35
884068.TI,专业工程,3,107.33,603929.SH,亚翔集成,22,234.96,603163.SH,圣晖集成,107,132.9,605598.SH,上海港湾,193,97.02
884236.TI,包装,3,116.67,002969.SZ,嘉美包装,1,567.14,003018.SZ,金富科技,164,107.29,002565.SZ,顺灏股份,185,99.45
886011.TI,光热发电,3,130.67,002478.SZ,常宝股份,118,129.81,600875.SH,东方电气,128,124.54,002506.SZ,协鑫集成,146,114.87
886030.TI,成飞概念,3,156.67,300265.SZ,通光线缆,133,122.05,300900.SZ,广联航空,148,114.42,301286.SZ,侨源股份,189,98.1
884242.TI,医疗耗材,3,159.67,603301.SH,振德医疗,40,192.49,301093.SZ,华兰股份,79,148.43,301580.SZ,爱迪特,360,71.61
885888.TI,C2M概念,3,166.67,301362.SZ,民爆光电,81,147.4,002853.SZ,皮阿诺,109,132.54,002571.SZ,德力股份,310,77.14
885849.TI,黑龙江自贸区,3,169.0,000711.SZ,ST京蓝,137,120.88,300900.SZ,广联航空,148,114.42,688011.SH,新光光电,222,90.13
885771.TI,智能音箱,3,169.67,300136.SZ,信维通信,48,178.3,300857.SZ,协创数据,140,119.24,002429.SZ,兆驰股份,321,76.23
884286.TI,锂,3,172.67,002667.SZ,威领股份,129,123.82,002240.SZ,盛新锂能,172,104.7,002756.SZ,永兴材料,217,90.63
884055.TI,铅锌,3,173.33,000603.SZ,盛达资源,92,140.65,000688.SZ,国城矿业,120,128.24,000751.SZ,锌业股份,308,77.72
884056.TI,其他金属新材料,3,177.0,688102.SH,斯瑞新材,55,166.77,920576.BJ,天力复合,126,125.71,000969.SZ,安泰科技,350,72.6
885882.TI,消毒剂,3,177.33,002636.SZ,金安国纪,157,111.34,300437.SZ,清水源,174,103.14,002440.SZ,闰土股份,201,95.51
884095.TI,LED,3,178.33,300102.SZ,乾照光电,57,165.37,301362.SZ,民爆光电,81,147.4,001326.SZ,联域股份,397,67.26
885505.TI,生态农业,3,179.67,301362.SZ,民爆光电,81,147.4,002565.SZ,顺灏股份,185,99.45,300189.SZ,神农种业,273,82.75
885652.TI,钛白粉概念,3,181.33,603067.SH,振华股份,66,156.25,000688.SZ,国城矿业,120,128.24,603389.SH,*ST亚振,358,71.79
884269.TI,固废治理,3,182.67,688679.SH,通源环境,67,155.84,603588.SH,高能环境,177,102.02,301265.SZ,华新环保,304,78.58
884292.TI,其他汽车零部件,3,184.33,301005.SZ,超捷股份,20,243.66,300816.SZ,艾可蓝,218,90.62,300816.SZ,艾可蓝,218,90.62
884213.TI,膜材料,3,211.33,300806.SZ,斯迪克,113,131.21,000973.SZ,佛塑科技,220,90.54,000973.SZ,佛塑科技,220,90.54
885950.TI,虚拟数字人,3,211.33,300058.SZ,蓝色光标,71,152.94,300017.SZ,网宿科技,265,83.42,300017.SZ,网宿科技,265,83.42
885918.TI,快手概念,3,215.0,300058.SZ,蓝色光标,71,152.94,300959.SZ,线上线下,276,82.46,300959.SZ,线上线下,276,82.46
886098.TI,小红书概念,3,215.0,300058.SZ,蓝色光标,71,152.94,300959.SZ,线上线下,276,82.46,300959.SZ,线上线下,276,82.46
884231.TI,电子化学品Ⅲ,3,217.0,688548.SH,广钢气体,101,135.12,603256.SH,宏和科技,179,100.76,688545.SH,兴福电子,371,70.55
885615.TI,体育产业,3,219.0,300819.SZ,聚杰微纤,173,104.48,002639.SZ,雪人集团,184,99.63,000620.SZ,盈新发展,300,79.04
885733.TI,航运概念,3,220.67,601872.SH,招商轮船,204,95.04,000973.SZ,佛塑科技,220,90.54,601872.SH,招商轮船,204,95.04
884295.TI,垂直应用软件,3,228.67,688109.SH,品茗科技,41,192.22,300520.SZ,科大国创,291,80.53,300520.SZ,科大国创,291,80.53
885603.TI,网络游戏,3,229.0,300857.SZ,协创数据,140,119.24,300044.SZ,ST赛为,237,87.8,300044.SZ,ST赛为,237,87.8
884096.TI,光学元件,3,238.33,688195.SH,腾景科技,103,134.42,688127.SH,蓝特光学,279,82.17,688127.SH,蓝特光学,279,82.17
885748.TI,可燃冰,3,239.33,300191.SZ,潜能恒信,91,141.68,600871.SH,石化油服,271,82.93,600871.SH,石化油服,271,82.93
884031.TI,钾肥,3,239.67,002545.SZ,东方铁塔,130,123.33,000792.SZ,盐湖股份,254,85.22,000792.SZ,盐湖股份,254,85.22
885555.TI,PM2.5,3,258.67,603601.SH,再升科技,139,119.54,300137.SZ,先河环保,314,76.98,300137.SZ,先河环保,314,76.98
884059.TI,玻璃玻纤,3,264.67,603601.SH,再升科技,139,119.54,301526.SZ,国际复材,289,80.78,301526.SZ,国际复材,289,80.78
884315.TI,通信应用增值服务,3,267.67,300442.SZ,润泽科技,229,88.85,300959.SZ,线上线下,276,82.46,300442.SZ,润泽科技,229,88.85
884003.TI,其他种植业,3,278.0,002772.SZ,众兴菌业,127,124.74,600108.SH,亚盛集团,317,76.3,600108.SH,亚盛集团,317,76.3
884227.TI,集成电路制造,3,278.67,300456.SZ,赛微电子,160,109.26,688691.SH,灿芯股份,303,78.67,688691.SH,灿芯股份,303,78.67
885910.TI,拼多多概念,3,302.33,300959.SZ,线上线下,276,82.46,002571.SZ,德力股份,310,77.14,300959.SZ,线上线下,276,82.46
886087.TI,房屋检测,3,308.33,601611.SH,中国核建,214,92.73,603316.SH,诚邦股份,330,75.41,601611.SH,中国核建,214,92.73
885598.TI,新股与次新股,3,313.33,001400.SZ,江顺科技,257,84.75,301629.SZ,矽电股份,312,77.05,001400.SZ,江顺科技,257,84.75
885905.TI,注册制次新股,3,313.33,001400.SZ,江顺科技,257,84.75,301629.SZ,矽电股份,312,77.05,001400.SZ,江顺科技,257,84.75
885995.TI,粮食概念,3,319.67,300189.SZ,神农种业,273,82.75,600108.SH,亚盛集团,317,76.3,300189.SZ,神农种业,273,82.75
886012.TI,宠物经济,3,322.67,600201.SH,生物股份,263,83.6,688607.SH,康众医疗,340,73.43,600201.SH,生物股份,263,83.6
885333.TI,移动支付,3,329.67,600577.SH,精达股份,277,82.25,301117.SZ,佳缘科技,329,75.57,600577.SH,精达股份,277,82.25
885904.TI,代糖概念,3,334.0,600783.SH,鲁信创投,316,76.62,600108.SH,亚盛集团,317,76.3,600783.SH,鲁信创投,316,76.62
886070.TI,AI手机,2,22.5,301308.SZ,江波龙,18,254.74,688525.SH,佰维存储,27,216.69,688525.SH,佰维存储,27,216.69
884152.TI,燃气Ⅲ,2,79.0,001331.SZ,胜通能源,8,322.0,000593.SZ,德龙汇能,150,113.7,000593.SZ,德龙汇能,150,113.7
885943.TI,EDR概念,2,79.0,301308.SZ,江波龙,18,254.74,300857.SZ,协创数据,140,119.24,300857.SZ,协创数据,140,119.24
886034.TI,数字水印,2,93.5,688031.SH,星环科技,4,381.69,002491.SZ,通鼎互联,183,99.82,002491.SZ,通鼎互联,183,99.82
885913.TI,医美概念,2,98.5,688167.SH,炬光科技,80,147.74,688048.SH,长光华芯,117,130.41,688048.SH,长光华芯,117,130.41
885899.TI,新型烟草(电子烟),2,117.5,300461.SZ,田中精机,50,174.43,002565.SZ,顺灏股份,185,99.45,002565.SZ,顺灏股份,185,99.45
884268.TI,水务及水治理,2,147.5,300774.SZ,倍杰特,85,146.16,301148.SZ,嘉戎技术,210,93.92,301148.SZ,嘉戎技术,210,93.92
886040.TI,MLOps概念,2,147.5,688031.SH,星环科技,4,381.69,300520.SZ,科大国创,291,80.53,300520.SZ,科大国创,291,80.53
884306.TI,光伏加工设备,2,154.0,300751.SZ,迈为股份,44,182.06,688516.SH,奥特维,264,83.57,688516.SH,奥特维,264,83.57
884288.TI,模拟芯片设计,2,159.0,688270.SH,臻镭科技,105,133.89,688325.SH,赛微微电,213,93.08,688325.SH,赛微微电,213,93.08
885780.TI,啤酒概念,2,159.0,002969.SZ,嘉美包装,1,567.14,600108.SH,亚盛集团,317,76.3,600108.SH,亚盛集团,317,76.3
884308.TI,风电零部件,2,165.0,301232.SZ,飞沃科技,5,371.69,300129.SZ,泰胜风能,325,75.74,300129.SZ,泰胜风能,325,75.74
885843.TI,华为海思概念股,2,169.0,300456.SZ,赛微电子,160,109.26,688258.SH,卓易信息,178,101.22,688258.SH,卓易信息,178,101.22
884214.TI,冶钢原料,2,186.0,001203.SZ,大中矿业,30,210.75,600295.SH,鄂尔多斯,342,73.32,600295.SH,鄂尔多斯,342,73.32
885912.TI,有机硅概念,2,187.5,688353.SH,华盛锂电,106,133.87,603938.SH,三孚股份,269,83.2,603938.SH,三孚股份,269,83.2
884208.TI,综合Ⅲ,2,188.5,600089.SH,特变电工,132,122.1,000833.SZ,粤桂股份,245,86.56,000833.SZ,粤桂股份,245,86.56
886028.TI,血氧仪,2,188.5,300903.SZ,科翔股份,29,211.0,300018.SZ,中元股份,348,73.03,300018.SZ,中元股份,348,73.03
885740.TI,化债概念(AMC概念),2,192.5,000510.SZ,新金路,17,257.62,002451.SZ,摩恩电气,368,70.9,002451.SZ,摩恩电气,368,70.9
884221.TI,其他自动化设备,2,193.0,300461.SZ,田中精机,50,174.43,688312.SH,燕麦科技,336,74.19,688312.SH,燕麦科技,336,74.19
886063.TI,PEEK材料,2,193.0,301005.SZ,超捷股份,20,243.66,600176.SH,中国巨石,366,71.05,600176.SH,中国巨石,366,71.05
884296.TI,横向通用软件,2,193.5,688031.SH,星环科技,4,381.69,603232.SH,格尔软件,383,68.87,603232.SH,格尔软件,383,68.87
885856.TI,仿制药一致性评价,2,194.5,301075.SZ,多瑞医药,166,106.81,002082.SZ,万邦德,223,90.02,002082.SZ,万邦德,223,90.02
885879.TI,流感,2,194.5,301075.SZ,多瑞医药,166,106.81,002082.SZ,万邦德,223,90.02,002082.SZ,万邦德,223,90.02
884024.TI,无机盐,2,195.0,603067.SH,振华股份,66,156.25,600714.SH,金瑞矿业,324,75.74,600714.SH,金瑞矿业,324,75.74
885772.TI,语音技术,2,198.0,688416.SH,恒烁股份,135,121.62,301248.SZ,杰创智能,261,83.83,301248.SZ,杰创智能,261,83.83
884116.TI,家电零部件,2,199.0,300342.SZ,天银机电,96,138.06,002290.SZ,禾盛新材,302,78.86,002290.SZ,禾盛新材,302,78.86
885981.TI,家庭医生,2,203.0,300300.SZ,海峡创新,58,164.08,300018.SZ,中元股份,348,73.03,300018.SZ,中元股份,348,73.03
884199.TI,医药流通,2,207.5,603122.SH,合富中国,77,149.33,002788.SZ,鹭燕医药,338,73.83,002788.SZ,鹭燕医药,338,73.83
885758.TI,租售同权,2,207.5,002208.SZ,合肥城建,104,134.42,000608.SZ,*ST阳光,311,77.13,000608.SZ,*ST阳光,311,77.13
885960.TI,民爆概念,2,209.0,300139.SZ,晓程科技,51,170.57,002497.SZ,雅化集团,367,71.01,002497.SZ,雅化集团,367,71.01
884294.TI,安防设备,2,220.0,301042.SZ,安联锐视,111,132.06,301117.SZ,佳缘科技,329,75.57,301117.SZ,佳缘科技,329,75.57
884191.TI,航运,2,221.0,601872.SH,招商轮船,204,95.04,600026.SH,中远海能,238,87.77,601872.SH,招商轮船,204,95.04
885988.TI,统一大市场,2,226.0,600693.SH,东百集团,197,96.64,603813.SH,*ST原尚,255,84.97,603813.SH,*ST原尚,255,84.97
886017.TI,Web3.0,2,227.0,300058.SZ,蓝色光标,71,152.94,603232.SH,格尔软件,383,68.87,603232.SH,格尔软件,383,68.87
884220.TI,激光设备,2,231.0,002008.SZ,大族激光,194,96.95,000988.SZ,华工科技,268,83.22,000988.SZ,华工科技,268,83.22
884020.TI,石油加工,2,238.0,300055.SZ,万邦达,235,87.93,000703.SZ,恒逸石化,241,87.33,300055.SZ,万邦达,235,87.93
886056.TI,阿尔茨海默概念,2,244.0,002082.SZ,万邦德,223,90.02,300017.SZ,网宿科技,265,83.42,002082.SZ,万邦德,223,90.02
885827.TI,横琴新区,2,250.0,002047.SZ,*ST宝鹰,153,112.35,300620.SZ,光库科技,347,73.08,300620.SZ,光库科技,347,73.08
884067.TI,基础建设,2,252.0,601611.SH,中国核建,214,92.73,603843.SH,*ST正平,290,80.67,601611.SH,中国核建,214,92.73
884192.TI,仪器仪表,2,265.0,300567.SZ,精测电子,181,100.1,605056.SH,咸亨国际,349,72.67,605056.SH,咸亨国际,349,72.67
885844.TI,国产操作系统,2,265.5,300490.SZ,华自科技,233,88.15,300846.SZ,首都在线,298,79.69,300490.SZ,华自科技,233,88.15
885861.TI,ETC,2,271.5,300448.SZ,浩云科技,252,85.59,300520.SZ,科大国创,291,80.53,300448.SZ,浩云科技,252,85.59
884257.TI,专业服务,2,277.5,301306.SZ,西测测试,256,84.82,300215.SZ,电科院,299,79.12,301306.SZ,西测测试,256,84.82
885902.TI,汽车拆解概念,2,281.5,000981.SZ,山子高科,259,83.95,301265.SZ,华新环保,304,78.58,000981.SZ,山子高科,259,83.95
884281.TI,煤化工,2,293.0,600722.SH,金牛化工,234,87.93,600989.SH,宝丰能源,352,72.52,600722.SH,金牛化工,234,87.93
885811.TI,玉米,2,295.0,300189.SZ,神农种业,273,82.75,600108.SH,亚盛集团,317,76.3,300189.SZ,神农种业,273,82.75
884027.TI,磷肥及磷化工,2,296.0,600078.SH,澄星股份,227,89.17,300505.SZ,川金诺,365,71.15,600078.SH,澄星股份,227,89.17
885578.TI,基因测序,2,308.0,000988.SZ,华工科技,268,83.22,300018.SZ,中元股份,348,73.03,000988.SZ,华工科技,268,83.22
886039.TI,ERP概念,2,315.5,600577.SH,精达股份,277,82.25,688479.SH,友车科技,354,72.5,600577.SH,精达股份,277,82.25
885881.TI,云办公,2,322.0,301248.SZ,杰创智能,261,83.83,603232.SH,格尔软件,383,68.87,301248.SZ,杰创智能,261,83.83
884025.TI,其他化学原料,2,327.0,603938.SH,三孚股份,269,83.2,000691.SZ,*ST亚太,385,68.67,603938.SH,三孚股份,269,83.2
885860.TI,中船系,2,342.0,300516.SZ,久之洋,322,76.11,600482.SH,中国动力,362,71.49,300516.SZ,久之洋,322,76.11
886026.TI,POE胶膜,2,372.5,600989.SH,宝丰能源,352,72.52,002218.SZ,拓日新能,393,67.71,600989.SH,宝丰能源,352,72.52
884150.TI,新能源发电,2,387.5,601619.SH,嘉泽新能,382,69.0,002218.SZ,拓日新能,393,67.71,601619.SH,嘉泽新能,382,69.0
884219.TI,工控设备,1,2.0,688125.SH,安达智能,2,428.14,688125.SH,安达智能,2,428.14,688125.SH,安达智能,2,428.14
884271.TI,个护用品,1,14.0,300658.SZ,延江股份,14,270.41,300658.SZ,延江股份,14,270.41,300658.SZ,延江股份,14,270.41
884004.TI,林业,1,16.0,000592.SZ,平潭发展,16,258.64,000592.SZ,平潭发展,16,258.64,000592.SZ,平潭发展,16,258.64
885490.TI,民营医院,1,16.0,000592.SZ,平潭发展,16,258.64,000592.SZ,平潭发展,16,258.64,000592.SZ,平潭发展,16,258.64
884023.TI,氯碱,1,17.0,000510.SZ,新金路,17,257.62,000510.SZ,新金路,17,257.62,000510.SZ,新金路,17,257.62
884146.TI,火电,1,39.0,001896.SZ,豫能控股,39,193.2,001896.SZ,豫能控股,39,193.2,001896.SZ,豫能控股,39,193.2
885753.TI,网约车,1,42.0,605178.SH,时空科技,42,187.49,605178.SH,时空科技,42,187.49,605178.SH,时空科技,42,187.49
884240.TI,其他生物制品,1,46.0,000534.SZ,万泽股份,46,181.22,000534.SZ,万泽股份,46,181.22,000534.SZ,万泽股份,46,181.22
884178.TI,广告营销,1,71.0,300058.SZ,蓝色光标,71,152.94,300058.SZ,蓝色光标,71,152.94,300058.SZ,蓝色光标,71,152.94
885933.TI,NFT概念,1,71.0,300058.SZ,蓝色光标,71,152.94,300058.SZ,蓝色光标,71,152.94,300058.SZ,蓝色光标,71,152.94
886068.TI,Sora概念(文生视频),1,72.0,605287.SH,德才股份,72,152.42,605287.SH,德才股份,72,152.42,605287.SH,德才股份,72,152.42
885994.TI,猴痘概念,1,77.0,603122.SH,合富中国,77,149.33,603122.SH,合富中国,77,149.33,603122.SH,合富中国,77,149.33
884021.TI,油品石化贸易,1,84.0,603353.SH,和顺石油,84,146.16,603353.SH,和顺石油,84,146.16,603353.SH,和顺石油,84,146.16
884264.TI,通信终端及配件,1,89.0,688027.SH,国盾量子,89,142.6,688027.SH,国盾量子,89,142.6,688027.SH,国盾量子,89,142.6
884183.TI,航海装备,1,93.0,603268.SH,*ST松发,93,139.03,603268.SH,*ST松发,93,139.03,603268.SH,*ST松发,93,139.03
884307.TI,风电整机,1,110.0,002202.SZ,金风科技,110,132.41,002202.SZ,金风科技,110,132.41,002202.SZ,金风科技,110,132.41
884137.TI,家纺,1,112.0,003041.SZ,真爱美家,112,131.24,003041.SZ,真爱美家,112,131.24,003041.SZ,真爱美家,112,131.24
884184.TI,特钢,1,118.0,002478.SZ,常宝股份,118,129.81,002478.SZ,常宝股份,118,129.81,002478.SZ,常宝股份,118,129.81
884128.TI,棉纺,1,121.0,002083.SZ,孚日股份,121,128.11,002083.SZ,孚日股份,121,128.11,002083.SZ,孚日股份,121,128.11
885968.TI,托育服务,1,121.0,002083.SZ,孚日股份,121,128.11,002083.SZ,孚日股份,121,128.11,002083.SZ,孚日股份,121,128.11
884207.TI,其他计算机设备,1,140.0,300857.SZ,协创数据,140,119.24,300857.SZ,协创数据,140,119.24,300857.SZ,协创数据,140,119.24
884142.TI,文娱用品,1,141.0,002348.SZ,高乐股份,141,119.08,002348.SZ,高乐股份,141,119.08,002348.SZ,高乐股份,141,119.08
885749.TI,蚂蚁集团概念,1,146.0,002506.SZ,协鑫集成,146,114.87,002506.SZ,协鑫集成,146,114.87,002506.SZ,协鑫集成,146,114.87
885977.TI,国资云,1,147.0,600498.SH,烽火通信,147,114.61,600498.SH,烽火通信,147,114.61,600498.SH,烽火通信,147,114.61
885814.TI,信托概念,1,150.0,000593.SZ,德龙汇能,150,113.7,000593.SZ,德龙汇能,150,113.7,000593.SZ,德龙汇能,150,113.7
885852.TI,青蒿素,1,150.0,000593.SZ,德龙汇能,150,113.7,000593.SZ,德龙汇能,150,113.7,000593.SZ,德龙汇能,150,113.7
885953.TI,电子纸,1,158.0,688593.SH,新相微,158,111.33,688593.SH,新相微,158,111.33,688593.SH,新相微,158,111.33
886072.TI,高股息精选,1,165.0,600219.SH,南山铝业,165,106.94,600219.SH,南山铝业,165,106.94,600219.SH,南山铝业,165,106.94
884144.TI,化学制剂,1,166.0,301075.SZ,多瑞医药,166,106.81,301075.SZ,多瑞医药,166,106.81,301075.SZ,多瑞医药,166,106.81
885591.TI,中韩自贸区,1,171.0,300666.SZ,江丰电子,171,105.33,300666.SZ,江丰电子,171,105.33,300666.SZ,江丰电子,171,105.33
884132.TI,其他纺织,1,173.0,300819.SZ,聚杰微纤,173,104.48,300819.SZ,聚杰微纤,173,104.48,300819.SZ,聚杰微纤,173,104.48
886005.TI,生物质能发电,1,177.0,603588.SH,高能环境,177,102.02,603588.SH,高能环境,177,102.02,603588.SH,高能环境,177,102.02
884285.TI,镍,1,180.0,605376.SH,博迁新材,180,100.32,605376.SH,博迁新材,180,100.32,605376.SH,博迁新材,180,100.32
884073.TI,制冷空调设备,1,184.0,002639.SZ,雪人集团,184,99.63,002639.SZ,雪人集团,184,99.63,002639.SZ,雪人集团,184,99.63
885825.TI,冰雪产业,1,184.0,002639.SZ,雪人集团,184,99.63,002639.SZ,雪人集团,184,99.63,002639.SZ,雪人集团,184,99.63
885818.TI,工业大麻,1,185.0,002565.SZ,顺灏股份,185,99.45,002565.SZ,顺灏股份,185,99.45,002565.SZ,顺灏股份,185,99.45
884246.TI,电能综合服务,1,190.0,003035.SZ,南网能源,190,97.93,003035.SZ,南网能源,190,97.93,003035.SZ,南网能源,190,97.93
884160.TI,百货零售,1,197.0,600693.SH,东百集团,197,96.64,600693.SH,东百集团,197,96.64,600693.SH,东百集团,197,96.64
885898.TI,免税店,1,197.0,600693.SH,东百集团,197,96.64,600693.SH,东百集团,197,96.64,600693.SH,东百集团,197,96.64
884033.TI,纺织化学用品,1,201.0,002440.SZ,闰土股份,201,95.51,002440.SZ,闰土股份,201,95.51,002440.SZ,闰土股份,201,95.51
885633.TI,染料,1,201.0,002440.SZ,闰土股份,201,95.51,002440.SZ,闰土股份,201,95.51,002440.SZ,闰土股份,201,95.51
884094.TI,面板,1,207.0,301045.SZ,天禄科技,207,94.46,301045.SZ,天禄科技,207,94.46,301045.SZ,天禄科技,207,94.46
884212.TI,合成树脂,1,209.0,002361.SZ,神剑股份,209,94.11,002361.SZ,神剑股份,209,94.11,002361.SZ,神剑股份,209,94.11
884228.TI,集成电路封测,1,211.0,688372.SH,伟测科技,211,93.66,688372.SH,伟测科技,211,93.66,688372.SH,伟测科技,211,93.66
884014.TI,煤炭开采,1,221.0,600403.SH,大有能源,221,90.46,600403.SH,大有能源,221,90.46,600403.SH,大有能源,221,90.46
884197.TI,中药Ⅲ,1,223.0,002082.SZ,万邦德,223,90.02,002082.SZ,万邦德,223,90.02,002082.SZ,万邦德,223,90.02
885845.TI,生物疫苗,1,223.0,002082.SZ,万邦德,223,90.02,002082.SZ,万邦德,223,90.02,002082.SZ,万邦德,223,90.02
885989.TI,肝炎概念,1,223.0,002082.SZ,万邦德,223,90.02,002082.SZ,万邦德,223,90.02,002082.SZ,万邦德,223,90.02
884305.TI,光伏辅材,1,231.0,300842.SZ,帝科股份,231,88.54,300842.SZ,帝科股份,231,88.54,300842.SZ,帝科股份,231,88.54
885457.TI,手机游戏,1,237.0,300044.SZ,ST赛为,237,87.8,300044.SZ,ST赛为,237,87.8,300044.SZ,ST赛为,237,87.8
884077.TI,工程机械Ⅲ,1,239.0,300201.SZ,海伦哲,239,87.74,300201.SZ,海伦哲,239,87.74,300201.SZ,海伦哲,239,87.74
885587.TI,举牌,1,239.0,300201.SZ,海伦哲,239,87.74,300201.SZ,海伦哲,239,87.74,300201.SZ,海伦哲,239,87.74
886047.TI,脑机接口,1,240.0,688158.SH,优刻得,240,87.44,688158.SH,优刻得,240,87.44,688158.SH,优刻得,240,87.44
885901.TI,可降解塑料,1,241.0,000703.SZ,恒逸石化,241,87.33,000703.SZ,恒逸石化,241,87.33,000703.SZ,恒逸石化,241,87.33
884039.TI,聚氨酯,1,242.0,600230.SH,沧州大化,242,87.31,600230.SH,沧州大化,242,87.31,600230.SH,沧州大化,242,87.31
885734.TI,广东自贸区,1,245.0,000833.SZ,粤桂股份,245,86.56,000833.SZ,粤桂股份,245,86.56,000833.SZ,粤桂股份,245,86.56
884201.TI,物流Ⅲ,1,255.0,603813.SH,*ST原尚,255,84.97,603813.SH,*ST原尚,255,84.97,603813.SH,*ST原尚,255,84.97
885781.TI,石墨电极,1,260.0,002455.SZ,百川股份,260,83.9,002455.SZ,百川股份,260,83.9,002455.SZ,百川股份,260,83.9
886023.TI,数据确权,1,261.0,301248.SZ,杰创智能,261,83.83,301248.SZ,杰创智能,261,83.83,301248.SZ,杰创智能,261,83.83
884013.TI,动物保健,1,263.0,600201.SH,生物股份,263,83.6,600201.SH,生物股份,263,83.6,600201.SH,生物股份,263,83.6
885508.TI,禽流感,1,263.0,600201.SH,生物股份,263,83.6,600201.SH,生物股份,263,83.6,600201.SH,生物股份,263,83.6
885846.TI,动物疫苗,1,263.0,600201.SH,生物股份,263,83.6,600201.SH,生物股份,263,83.6,600201.SH,生物股份,263,83.6
884001.TI,种子生产,1,273.0,300189.SZ,神农种业,273,82.75,300189.SZ,神农种业,273,82.75,300189.SZ,神农种业,273,82.75
885877.TI,转基因,1,273.0,300189.SZ,神农种业,273,82.75,300189.SZ,神农种业,273,82.75,300189.SZ,神农种业,273,82.75
885966.TI,跨境支付(CIPS),1,277.0,600577.SH,精达股份,277,82.25,600577.SH,精达股份,277,82.25,600577.SH,精达股份,277,82.25
885525.TI,白酒概念,1,287.0,002342.SZ,巨力索具,287,81.1,002342.SZ,巨力索具,287,81.1,002342.SZ,巨力索具,287,81.1
885792.TI,赛马概念,1,290.0,603843.SH,*ST正平,290,80.67,603843.SH,*ST正平,290,80.67,603843.SH,*ST正平,290,80.67
884085.TI,电机Ⅲ,1,297.0,300626.SZ,华瑞股份,297,79.98,300626.SZ,华瑞股份,297,79.98,300626.SZ,华瑞股份,297,79.98
884140.TI,其他家居用品,1,310.0,002571.SZ,德力股份,310,77.14,002571.SZ,德力股份,310,77.14,002571.SZ,德力股份,310,77.14
884247.TI,商业地产,1,311.0,000608.SZ,*ST阳光,311,77.13,000608.SZ,*ST阳光,311,77.13,000608.SZ,*ST阳光,311,77.13
884158.TI,多元金融Ⅲ,1,316.0,600783.SH,鲁信创投,316,76.62,600783.SH,鲁信创投,316,76.62,600783.SH,鲁信创投,316,76.62
884289.TI,车身附件及饰件,1,320.0,603306.SH,华懋科技,320,76.27,603306.SH,华懋科技,320,76.27,603306.SH,华懋科技,320,76.27
884117.TI,彩电,1,321.0,002429.SZ,兆驰股份,321,76.23,002429.SZ,兆驰股份,321,76.23,002429.SZ,兆驰股份,321,76.23
885947.TI,DRG/DIP,1,329.0,301117.SZ,佳缘科技,329,75.57,301117.SZ,佳缘科技,329,75.57,301117.SZ,佳缘科技,329,75.57
886016.TI,供销社,1,335.0,000893.SZ,亚钾国际,335,74.28,000893.SZ,亚钾国际,335,74.28,000893.SZ,亚钾国际,335,74.28
884162.TI,商业物业经营,1,337.0,000007.SZ,全新好,337,74.08,000007.SZ,全新好,337,74.08,000007.SZ,全新好,337,74.08
884145.TI,医疗设备,1,340.0,688607.SH,康众医疗,340,73.43,688607.SH,康众医疗,340,73.43,688607.SH,康众医疗,340,73.43
885782.TI,水泥概念,1,342.0,600295.SH,鄂尔多斯,342,73.32,600295.SH,鄂尔多斯,342,73.32,600295.SH,鄂尔多斯,342,73.32
884255.TI,互联网电商Ⅲ,1,353.0,300209.SZ,行云科技,353,72.51,300209.SZ,行云科技,353,72.51,300209.SZ,行云科技,353,72.51
884298.TI,成品家居,1,358.0,603389.SH,*ST亚振,358,71.79,603389.SH,*ST亚振,358,71.79,603389.SH,*ST亚振,358,71.79
885926.TI,牙科医疗,1,360.0,301580.SZ,爱迪特,360,71.61,301580.SZ,爱迪特,360,71.61,301580.SZ,爱迪特,360,71.61
884032.TI,民爆用品,1,367.0,002497.SZ,雅化集团,367,71.01,002497.SZ,雅化集团,367,71.01,002497.SZ,雅化集团,367,71.01
884011.TI,其他农产品加工,1,369.0,600191.SH,华资实业,369,70.87,600191.SH,华资实业,369,70.87,600191.SH,华资实业,369,70.87
884149.TI,热力,1,370.0,001376.SZ,百通能源,370,70.85,001376.SZ,百通能源,370,70.85,001376.SZ,百通能源,370,70.85
885907.TI,科创次新股,1,371.0,688545.SH,兴福电子,371,70.55,688545.SH,兴福电子,371,70.55,688545.SH,兴福电子,371,70.55
884058.TI,非金属材料Ⅲ,1,374.0,603663.SH,三祥新材,374,70.28,603663.SH,三祥新材,374,70.28,603663.SH,三祥新材,374,70.28
886000.TI,一体化压铸,1,374.0,603663.SH,三祥新材,374,70.28,603663.SH,三祥新材,374,70.28,603663.SH,三祥新材,374,70.28
886055.TI,星闪概念,1,378.0,300672.SZ,国科微,378,69.24,300672.SZ,国科微,378,69.24,300672.SZ,国科微,378,69.24
884217.TI,工程咨询服务,1,381.0,600629.SH,华建集团,381,69.08,600629.SH,华建集团,381,69.08,600629.SH,华建集团,381,69.08
885866.TI,数字货币,1,383.0,603232.SH,格尔软件,383,68.87,603232.SH,格尔软件,383,68.87,603232.SH,格尔软件,383,68.87
885975.TI,电子身份证,1,383.0,603232.SH,格尔软件,383,68.87,603232.SH,格尔软件,383,68.87,603232.SH,格尔软件,383,68.87
884045.TI,氨纶,1,396.0,000949.SZ,新乡化纤,396,67.48,000949.SZ,新乡化纤,396,67.48,000949.SZ,新乡化纤,396,67.48
884245.TI,其他医疗服务,1,400.0,301235.SZ,华康洁净,400,66.88,301235.SZ,华康洁净,400,66.88,301235.SZ,华康洁净,400,66.88
885909.TI,辅助生殖,1,400.0,301235.SZ,华康洁净,400,66.88,301235.SZ,华康洁净,400,66.88,301235.SZ,华康洁净,400,66.88
