排名,股票代码,股票简称,开始日期,结束日期,区间涨幅_前复权_pct,最新价,最新涨跌幅_pct,股票市场类型
1,002969.SZ,嘉美包装,2025-09-10,2026-03-09,567.1388101983002,25.91,10.021231422505306,a股
2,688125.SH,安达智能,2025-09-10,2026-03-09,428.13769510369883,249.0,0.8056353993765472,a股
3,002931.SZ,锋龙股份,2025-09-10,2026-03-09,391.21155053358444,83.81,7.105431309904156,a股
4,688031.SH,星环科技,2025-09-10,2026-03-09,381.6909854087548,255.0,5.8135192331631975,a股
5,301232.SZ,飞沃科技,2025-09-10,2026-03-09,371.6850474480636,193.28,5.09488336686423,a股
6,603778.SH,国晟科技,2025-09-10,2026-03-09,341.8952618453865,18.93,6.828442437923256,a股
7,688308.SH,欧科亿,2025-09-10,2026-03-09,323.30677290836655,95.31,12.129411764705884,a股
8,001331.SZ,胜通能源,2025-09-10,2026-03-09,321.996879875195,56.48,4.399260628465796,a股
9,688257.SH,新锐股份,2025-09-10,2026-03-09,320.996640537514,80.05,6.463625482111983,a股
10,000547.SZ,航天发展,2025-09-10,2026-03-09,307.87801778907243,33.66,4.859813084112134,a股
11,300164.SZ,通源石油,2025-09-10,2026-03-09,298.11676082862533,18.9,-10.596026490066237,a股
12,002796.SZ,世嘉科技,2025-09-10,2026-03-09,291.3612565445026,63.36,5.953177257525088,a股
13,300749.SZ,顶固集创,2025-09-10,2026-03-09,290.62499999999994,36.59,4.5428571428571525,a股
14,300658.SZ,延江股份,2025-09-10,2026-03-09,270.4149933065596,29.6,6.97506324539212,a股
15,600759.SH,洲际油气,2025-09-10,2026-03-09,264.91228070175447,7.49,-9.975961538461538,a股
16,000592.SZ,平潭发展,2025-09-10,2026-03-09,258.6419753086419,11.82,1.7211703958692004,a股
17,000510.SZ,新金路,2025-09-10,2026-03-09,257.6208178438661,18.99,-1.2993762993762994,a股
18,301308.SZ,江波龙,2025-09-10,2026-03-09,254.73887814313346,333.51,1.026899309342053,a股
19,002842.SZ,翔鹭钨业,2025-09-10,2026-03-09,253.4585824081981,41.39,0.0,a股
20,301005.SZ,超捷股份,2025-09-10,2026-03-09,243.6625600334099,168.27,2.242070725483046,a股
21,000657.SZ,中钨高新,2025-09-10,2026-03-09,236.83393688566997,66.46,2.0734142220856926,a股
22,603929.SH,亚翔集成,2025-09-10,2026-03-09,234.96450304259642,135.53,2.5887517977442944,a股
23,688766.SH,普冉股份,2025-09-10,2026-03-09,234.4882729211087,259.6,3.4262948207171404,a股
24,002378.SZ,章源钨业,2025-09-10,2026-03-09,232.91326908821347,44.89,-0.0445335114673703,a股
25,002718.SZ,友邦吊顶,2025-09-10,2026-03-09,221.34595162986326,61.53,0.6708115183246134,a股
26,688028.SH,沃尔德,2025-09-10,2026-03-09,219.63483986830298,113.0,5.8151512313887,a股
27,688525.SH,佰维存储,2025-09-10,2026-03-09,216.69346586756325,213.75,-1.3385645049619228,a股
28,601179.SH,中国西电,2025-09-10,2026-03-09,212.08417143741295,19.99,-0.8924144769459754,a股
29,300903.SZ,科翔股份,2025-09-10,2026-03-09,210.99656357388318,40.97,13.176795580110484,a股
30,001203.SZ,大中矿业,2025-09-10,2026-03-09,210.74651353568504,37.42,-1.214361140443508,a股
31,601126.SH,四方股份,2025-09-10,2026-03-09,207.15935334872978,51.24,-3.6842105263157903,a股
32,688523.SH,航天环宇,2025-09-10,2026-03-09,206.49631875270677,73.22,3.4619188921859587,a股
33,605289.SH,罗曼股份,2025-09-10,2026-03-09,205.4989816700611,132.72,-1.6888888888888898,a股
34,001309.SZ,德明利,2025-09-10,2026-03-09,201.56165858912226,294.81,5.2892857142857155,a股
35,301338.SZ,凯格精机,2025-09-10,2026-03-09,199.292879460615,188.7,3.681318681318675,a股
36,002713.SZ,*ST东易,2025-09-10,2026-03-09,197.47191011235955,10.7,1.0387157695939513,a股
37,300475.SZ,香农芯创,2025-09-10,2026-03-09,195.11875818215825,161.85,2.5665399239543616,a股
38,002413.SZ,雷科防务,2025-09-10,2026-03-09,194.91525423728817,15.78,0.7662835249042096,a股
39,001896.SZ,豫能控股,2025-09-10,2026-03-09,193.19852941176464,15.81,-0.8777429467084564,a股
40,603301.SH,振德医疗,2025-09-10,2026-03-09,192.49410972736453,91.52,5.31645569620252,a股
41,688109.SH,品茗科技,2025-09-10,2026-03-09,192.22354340071342,128.01,4.1748046874999964,a股
42,605178.SH,时空科技,2025-09-10,2026-03-09,187.48928877463578,67.51,0.6110283159463649,a股
43,301377.SZ,鼎泰高科,2025-09-10,2026-03-09,183.82084095063988,194.87,4.600107353730539,a股
44,300751.SZ,迈为股份,2025-09-10,2026-03-09,182.06444565811034,266.26,3.1096309491538445,a股
45,603618.SH,杭电股份,2025-09-10,2026-03-09,181.69014084507046,20.72,3.5999999999999943,a股
46,000534.SZ,万泽股份,2025-09-10,2026-03-09,181.21512709237447,47.65,5.048500881834213,a股
47,301205.SZ,联特科技,2025-09-10,2026-03-09,178.78088962108737,259.02,2.04467557026355,a股
48,300136.SZ,信维通信,2025-09-10,2026-03-09,178.29581993569133,70.27,1.4875794338532655,a股
49,002498.SZ,汉缆股份,2025-09-10,2026-03-09,175.9002770083103,9.65,-3.1124497991967917,a股
50,300461.SZ,田中精机,2025-09-10,2026-03-09,174.42766682903067,56.72,0.6744763933262254,a股
51,300139.SZ,晓程科技,2025-09-10,2026-03-09,170.5667276051188,70.55,-4.662162162162166,a股
52,002149.SZ,西部材料,2025-09-10,2026-03-09,169.5356738391846,48.96,2.857142857142856,a股
53,002792.SZ,通宇通讯,2025-09-10,2026-03-09,168.30941983780409,43.64,1.4647756335735935,a股
54,001270.SZ,*ST铖昌,2025-09-10,2026-03-09,167.4235403151066,121.19,4.999133599029627,a股
55,688102.SH,斯瑞新材,2025-09-10,2026-03-09,166.7741935483871,42.85,3.627569528415961,a股
56,001267.SZ,汇绿生态,2025-09-10,2026-03-09,166.21794871794873,45.68,9.992776306284613,a股
57,300102.SZ,乾照光电,2025-09-10,2026-03-09,165.36994660564454,35.57,2.24202356999138,a股
58,300300.SZ,海峡创新,2025-09-10,2026-03-09,164.08317580340264,14.18,1.5032211882605515,a股
59,688480.SH,赛恩斯,2025-09-10,2026-03-09,163.71867761634027,122.0,-2.587032896838067,a股
60,301292.SZ,海科新源,2025-09-10,2026-03-09,162.1129326047359,58.2,1.1118832522585138,a股
61,688335.SH,复洁科技,2025-09-10,2026-03-09,161.60278745644598,40.56,8.044752264251475,a股
62,300814.SZ,中富电路,2025-09-10,2026-03-09,161.2820512820513,106.5,4.514229636898914,a股
63,600397.SH,江钨装备,2025-09-10,2026-03-09,158.45959595959596,19.2,-6.204201270151439,a股
64,600879.SH,航天电子,2025-09-10,2026-03-09,157.2549019607843,26.49,0.9527439024390244,a股
65,603061.SH,金海通,2025-09-10,2026-03-09,156.44818252126836,271.4,2.3108530930749787,a股
66,603067.SH,振华股份,2025-09-10,2026-03-09,156.24636839047065,43.88,-0.4988662131519248,a股
67,688679.SH,通源环境,2025-09-10,2026-03-09,155.84182144997004,44.09,3.2552693208430923,a股
68,300427.SZ,红相股份,2025-09-10,2026-03-09,155.53772070626002,15.69,-1.444723618090455,a股
69,600118.SH,中国卫星,2025-09-10,2026-03-09,153.50441501103754,94.68,3.0586698595841972,a股
70,301468.SZ,博盈特焊,2025-09-10,2026-03-09,153.24218749999997,65.28,0.6941230911615037,a股
71,300058.SZ,蓝色光标,2025-09-10,2026-03-09,152.94117647058826,16.9,0.7751937984496065,a股
72,605287.SH,德才股份,2025-09-10,2026-03-09,152.42456896551727,51.54,10.010672358591243,a股
73,300179.SZ,四方达,2025-09-10,2026-03-09,152.03252032520328,26.66,7.499999999999997,a股
74,688498.SH,源杰科技,2025-09-10,2026-03-09,150.55156769522387,917.86,13.836041175741046,a股
75,603629.SH,利通电子,2025-09-10,2026-03-09,150.27981058975462,57.41,-1.2555899552803649,a股
76,002353.SZ,杰瑞股份,2025-09-10,2026-03-09,149.73656480505795,119.8,1.0970464135021074,a股
77,603122.SH,合富中国,2025-09-10,2026-03-09,149.32735426008966,17.01,1.9784172661870616,a股
78,688387.SH,信科移动,2025-09-10,2026-03-09,148.57142857142858,16.23,3.639846743295021,a股
79,301093.SZ,华兰股份,2025-09-10,2026-03-09,148.42622004042735,88.09,2.394513541787751,a股
80,688167.SH,炬光科技,2025-09-10,2026-03-09,147.74113767518548,341.5,13.64014508668597,a股
81,301362.SZ,民爆光电,2025-09-10,2026-03-09,147.39831856396276,113.78,4.500367376928734,a股
82,600105.SH,永鼎股份,2025-09-10,2026-03-09,146.43188137164043,28.15,5.8668672433245534,a股
83,002028.SZ,思源电气,2025-09-10,2026-03-09,146.32756210345198,227.87,-0.5195145376757172,a股
84,603353.SH,和顺石油,2025-09-10,2026-03-09,146.1632903621854,38.95,-2.867830423940146,a股
85,300774.SZ,倍杰特,2025-09-10,2026-03-09,146.16182572614107,23.87,0.5899705014749287,a股
86,688233.SH,神工股份,2025-09-10,2026-03-09,145.82043343653254,82.65,4.093198992443325,a股
87,300385.SZ,雪浪环境,2025-09-10,2026-03-09,145.2471482889734,13.03,1.0077519379844884,a股
88,603216.SH,梦天家居,2025-09-10,2026-03-09,143.7699680511182,38.44,0.7601572739187396,a股
89,688027.SH,国盾量子,2025-09-10,2026-03-09,142.60017809439003,682.98,0.276024078696226,a股
90,002922.SZ,伊戈尔,2025-09-10,2026-03-09,142.36947791164658,48.14,-0.2899751449875736,a股
91,300191.SZ,潜能恒信,2025-09-10,2026-03-09,141.6789396170839,43.47,-11.700182815356486,a股
92,000603.SZ,盛达资源,2025-09-10,2026-03-09,140.6474820143885,48.2,2.9254751227845497,a股
93,603268.SH,*ST松发,2025-09-10,2026-03-09,139.031224979984,124.9,4.58884608943226,a股
94,601869.SH,长飞光纤,2025-09-10,2026-03-09,138.8794949836546,233.1,9.999528101552546,a股
95,600343.SH,航天动力,2025-09-10,2026-03-09,138.46153846153842,35.18,2.2377215925603116,a股
96,300342.SZ,天银机电,2025-09-10,2026-03-09,138.05803571428567,43.68,2.3909985935302465,a股
97,688227.SH,品高股份,2025-09-10,2026-03-09,136.3346104725415,74.88,1.161848149148878,a股
98,000962.SZ,东方钽业,2025-09-10,2026-03-09,136.281665951052,55.63,1.090314373977833,a股
99,002490.SZ,山东墨龙,2025-09-10,2026-03-09,136.00713012477718,11.92,-9.969788519637463,a股
100,002716.SZ,湖南白银,2025-09-10,2026-03-09,136.0,15.13,2.576271186440683,a股
101,688548.SH,广钢气体,2025-09-10,2026-03-09,135.11737089201876,25.29,0.9984025559105432,a股
102,605060.SH,联德股份,2025-09-10,2026-03-09,134.6786248131539,64.03,1.958598726114656,a股
103,688195.SH,腾景科技,2025-09-10,2026-03-09,134.41704035874437,228.0,9.038737446197992,a股
104,002208.SZ,合肥城建,2025-09-10,2026-03-09,134.41654357459382,15.97,0.630119722747331,a股
105,688270.SH,臻镭科技,2025-09-10,2026-03-09,133.89440368292333,167.07,2.7617173084020052,a股
106,688353.SH,华盛锂电,2025-09-10,2026-03-09,133.87445887445887,107.98,-0.0647848218417336,a股
107,603163.SH,圣晖集成,2025-09-10,2026-03-09,132.90043290043286,110.75,2.927509293680303,a股
108,688627.SH,精智达,2025-09-10,2026-03-09,132.56694105402593,249.33,1.4361269324654191,a股
109,002853.SZ,皮阿诺,2025-09-10,2026-03-09,132.54292722812755,28.85,1.4416315049226447,a股
110,002202.SZ,金风科技,2025-09-10,2026-03-09,132.40816326530611,28.48,0.0351246926589447,a股
111,301042.SZ,安联锐视,2025-09-10,2026-03-09,132.06349206349205,98.43,3.5778175313059095,a股
112,003041.SZ,真爱美家,2025-09-10,2026-03-09,131.2390158172232,53.98,2.565076952308558,a股
113,300806.SZ,斯迪克,2025-09-10,2026-03-09,131.2141280353201,54.2,3.49436700400994,a股
114,600487.SH,亨通光电,2025-09-10,2026-03-09,130.90909090909088,49.99,9.339457567804033,a股
115,920046.BJ,亿能电力,2025-09-10,2026-03-09,130.59701492537314,36.02,-2.858683926645079,a股
116,603308.SH,应流股份,2025-09-10,2026-03-09,130.56399864910503,68.01,-0.3808407792588119,a股
117,688048.SH,长光华芯,2025-09-10,2026-03-09,130.40798356325212,188.4,20.000000000000004,a股
118,002478.SZ,常宝股份,2025-09-10,2026-03-09,129.8093587521664,12.98,-2.111613876319754,a股
119,600549.SH,厦门钨业,2025-09-10,2026-03-09,129.10276073619633,72.18,0.6694560669456122,a股
120,000688.SZ,国城矿业,2025-09-10,2026-03-09,128.23682498373458,35.0,-0.2280501710376234,a股
121,002083.SZ,孚日股份,2025-09-10,2026-03-09,128.1059063136456,11.22,0.1785714285714406,a股
122,300986.SZ,志特新材,2025-09-10,2026-03-09,128.01652892561984,27.75,0.579920260964118,a股
123,300604.SZ,长川科技,2025-09-10,2026-03-09,127.78675282714053,132.65,4.531126871552403,a股
124,601212.SH,白银有色,2025-09-10,2026-03-09,127.5229357798165,10.11,1.9153225806451564,a股
125,600550.SH,保变电气,2025-09-10,2026-03-09,127.00119474313026,18.78,-1.157894736842099,a股
126,920576.BJ,天力复合,2025-09-10,2026-03-09,125.71337983513,73.55,3.3150723416210135,a股
127,002772.SZ,众兴菌业,2025-09-10,2026-03-09,124.74489795918369,18.04,2.3836549375709315,a股
128,600875.SH,东方电气,2025-09-10,2026-03-09,124.5430809399478,42.16,-1.9534883720930312,a股
129,002667.SZ,威领股份,2025-09-10,2026-03-09,123.8209432454037,30.01,7.178571428571435,a股
130,002545.SZ,东方铁塔,2025-09-10,2026-03-09,123.33333333333331,26.34,-4.113578449217324,a股
131,000533.SZ,顺钠股份,2025-09-10,2026-03-09,122.11668928086839,17.66,7.880268784361632,a股
132,600089.SH,特变电工,2025-09-10,2026-03-09,122.10169491525423,31.86,-2.7472527472527433,a股
133,300265.SZ,通光线缆,2025-09-10,2026-03-09,122.05405405405405,20.3,-1.1684518013631862,a股
134,603619.SH,中曼石油,2025-09-10,2026-03-09,121.87833511205977,38.12,-8.321308321308324,a股
135,688416.SH,恒烁股份,2025-09-10,2026-03-09,121.6196136701337,93.43,4.402726561627011,a股
136,603530.SH,神马电力,2025-09-10,2026-03-09,121.02547565301516,69.43,1.2985118179165458,a股
137,000711.SZ,ST京蓝,2025-09-10,2026-03-09,120.87912087912083,4.22,4.975124378109458,a股
138,000559.SZ,万向钱潮,2025-09-10,2026-03-09,120.75,18.37,4.020385050962632,a股
139,603601.SH,再升科技,2025-09-10,2026-03-09,119.5402298850575,12.35,7.766143106457232,a股
140,300857.SZ,协创数据,2025-09-10,2026-03-09,119.24180506042951,254.7,1.011302795954782,a股
141,002348.SZ,高乐股份,2025-09-10,2026-03-09,119.08396946564885,8.82,2.4390243902439126,a股
142,300444.SZ,双杰电气,2025-09-10,2026-03-09,118.53188929001202,17.62,-2.9735682819383213,a股
143,000890.SZ,法尔胜,2025-09-10,2026-03-09,117.84841075794623,8.71,-2.24466891133557,a股
144,920088.BJ,科力股份,2025-09-10,2026-03-09,116.7700188730116,70.41,-12.42537313432837,a股
145,301120.SZ,新特电气,2025-09-10,2026-03-09,115.47360809833695,28.87,-3.120805369127516,a股
146,002506.SZ,协鑫集成,2025-09-10,2026-03-09,114.86988847583643,6.07,5.017301038062284,a股
147,600498.SH,烽火通信,2025-09-10,2026-03-09,114.60998761865456,57.2,10.000000000000004,a股
148,300900.SZ,广联航空,2025-09-10,2026-03-09,114.4220572640509,43.42,7.368941641938685,a股
149,688661.SH,和林微纳,2025-09-10,2026-03-09,114.18234442836467,94.45,6.362612612612619,a股
150,000593.SZ,德龙汇能,2025-09-10,2026-03-09,113.70481927710843,14.41,1.5503875968992291,a股
151,001337.SZ,四川黄金,2025-09-10,2026-03-09,112.82495667244365,57.61,-6.1726384364820825,a股
152,688072.SH,拓荆科技,2025-09-10,2026-03-09,112.79948070341084,367.33,1.863509054102762,a股
153,002047.SZ,*ST宝鹰,2025-09-10,2026-03-09,112.35059760956176,5.56,4.3151969981238185,a股
154,301611.SZ,珂玛科技,2025-09-10,2026-03-09,112.12528823981553,122.8,11.241960322492975,a股
155,002885.SZ,京泉华,2025-09-10,2026-03-09,111.58854166666667,33.16,2.0307692307692204,a股
156,605318.SH,法狮龙,2025-09-10,2026-03-09,111.3464447806354,76.84,10.007158196134588,a股
157,002636.SZ,金安国纪,2025-09-10,2026-03-09,111.34278565471224,27.87,9.984214680347282,a股
158,688593.SH,新相微,2025-09-10,2026-03-09,111.32545115121344,34.18,0.6478209658421639,a股
159,002471.SZ,中超控股,2025-09-10,2026-03-09,109.34782608695654,9.4,-2.3883696780893087,a股
160,300456.SZ,赛微电子,2025-09-10,2026-03-09,109.26334362593732,49.67,4.700674536256332,a股
161,000426.SZ,兴业银锡,2025-09-10,2026-03-09,108.91505466778804,51.7,4.06602254428342,a股
162,002169.SZ,智光电气,2025-09-10,2026-03-09,108.40108401084012,16.18,5.201560468140435,a股
163,601231.SH,环旭电子,2025-09-10,2026-03-09,107.63400108283705,41.17,7.353324641460234,a股
164,003018.SZ,金富科技,2025-09-10,2026-03-09,107.29080364540182,26.65,6.514788169464424,a股
165,600219.SH,南山铝业,2025-09-10,2026-03-09,106.94444444444444,7.33,-1.6107382550335585,a股
166,301075.SZ,多瑞医药,2025-09-10,2026-03-09,106.80831619830933,94.31,4.186920017675659,a股
167,688309.SH,恒誉环保,2025-09-10,2026-03-09,106.7621320604614,56.51,8.714890342439402,a股
168,300943.SZ,春晖智控,2025-09-10,2026-03-09,106.49970184853908,35.25,1.7903551833670153,a股
169,301086.SZ,鸿富瀚,2025-09-10,2026-03-09,105.93599734704028,129.3,4.106280193236722,a股
170,603698.SH,航天工程,2025-09-10,2026-03-09,105.79367425362108,35.1,0.8330939385234103,a股
171,300666.SZ,江丰电子,2025-09-10,2026-03-09,105.32592492207613,154.18,1.762259916837183,a股
172,002240.SZ,盛新锂能,2025-09-10,2026-03-09,104.69798657718118,40.35,1.7654476670870185,a股
173,300819.SZ,聚杰微纤,2025-09-10,2026-03-09,104.4822256568779,55.84,5.517762660619806,a股
174,300437.SZ,清水源,2025-09-10,2026-03-09,103.14465408805032,19.65,1.393188854489162,a股
175,688191.SH,智洋创新,2025-09-10,2026-03-09,102.72326792150581,54.25,7.171078625049392,a股
176,002759.SZ,天际股份,2025-09-10,2026-03-09,102.55800118976799,35.24,3.4948604992658,a股
177,603588.SH,高能环境,2025-09-10,2026-03-09,102.01729106628241,14.51,3.4950071326676193,a股
178,688258.SH,卓易信息,2025-09-10,2026-03-09,101.22436937601414,131.63,-3.5041419250788075,a股
179,603256.SH,宏和科技,2025-09-10,2026-03-09,100.75868106215347,73.43,6.729651162790712,a股
180,605376.SH,博迁新材,2025-09-10,2026-03-09,100.31532478452807,99.13,4.029803756952449,a股
181,300567.SZ,精测电子,2025-09-10,2026-03-09,100.10004287551808,142.8,1.9927148060852944,a股
182,002546.SZ,新联电子,2025-09-10,2026-03-09,99.82876712328768,11.72,0.4284490145672726,a股
183,002491.SZ,通鼎互联,2025-09-10,2026-03-09,99.81818181818181,11.9,8.280254777070065,a股
184,002639.SZ,雪人集团,2025-09-10,2026-03-09,99.62581852198316,21.85,2.3898781630740467,a股
185,002565.SZ,顺灏股份,2025-09-10,2026-03-09,99.45205479452056,14.57,0.0686813186813172,a股
186,300617.SZ,安靠智电,2025-09-10,2026-03-09,98.84928431097387,70.5,-0.4940014114325961,a股
187,000609.SZ,ST中迪,2025-09-10,2026-03-09,98.48156182212581,9.5,3.8251366120218537,a股
188,688361.SH,中科飞测,2025-09-10,2026-03-09,98.15668202764978,173.2,0.6976744186046445,a股
189,301286.SZ,侨源股份,2025-09-10,2026-03-09,98.10246679316889,51.53,-1.283524904214563,a股
190,003035.SZ,南网能源,2025-09-10,2026-03-09,97.93388429752066,9.65,0.7306889352818401,a股
191,603861.SH,白云电器,2025-09-10,2026-03-09,97.88165032328733,19.9,-2.689486552567241,a股
192,688676.SH,金盘科技,2025-09-10,2026-03-09,97.52553024351923,101.25,0.6661364088287947,a股
193,605598.SH,上海港湾,2025-09-10,2026-03-09,97.01843860337388,51.73,3.0067702110712826,a股
194,002008.SZ,大族激光,2025-09-10,2026-03-09,96.94856146469051,73.01,7.732034823668304,a股
195,002112.SZ,三变科技,2025-09-10,2026-03-09,96.93513898788311,26.91,-2.6058631921824063,a股
196,688433.SH,华曙高科,2025-09-10,2026-03-09,96.81745396317054,100.7,2.410251194955766,a股
197,600693.SH,东百集团,2025-09-10,2026-03-09,96.63608562691131,12.8,-0.4665629860031005,a股
198,600172.SH,黄河旋风,2025-09-10,2026-03-09,96.56652360515021,10.08,10.04366812227074,a股
199,002270.SZ,华明装备,2025-09-10,2026-03-09,96.514745308311,37.7,2.864938608458402,a股
200,301373.SZ,凌玮科技,2025-09-10,2026-03-09,96.07337345944396,76.2,11.387224090045326,a股
201,002440.SZ,闰土股份,2025-09-10,2026-03-09,95.50561797752809,13.95,0.2155172413793057,a股
202,300480.SZ,光力科技,2025-09-10,2026-03-09,95.44364508393286,33.46,2.638036809815949,a股
203,300390.SZ,天华新能,2025-09-10,2026-03-09,95.20137103684662,47.77,4.850746268656718,a股
204,601872.SH,招商轮船,2025-09-10,2026-03-09,95.03722084367246,16.47,4.7709923664122025,a股
205,002350.SZ,北京科锐,2025-09-10,2026-03-09,94.92957746478874,15.22,9.97109826589596,a股
206,600391.SH,航发科技,2025-09-10,2026-03-09,94.48412698412699,49.22,0.4284839828606424,a股
207,301045.SZ,天禄科技,2025-09-10,2026-03-09,94.46267432321575,52.62,10.989242775785703,a股
208,688239.SH,航宇科技,2025-09-10,2026-03-09,94.10987849973586,73.42,-0.0952510545652376,a股
209,002361.SZ,神剑股份,2025-09-10,2026-03-09,94.10852713178294,12.85,2.6357827476038347,a股
210,301148.SZ,嘉戎技术,2025-09-10,2026-03-09,93.9230492628551,56.3,4.394585573892078,a股
211,688372.SH,伟测科技,2025-09-10,2026-03-09,93.66255144032921,153.54,8.754781130471729,a股
212,000933.SZ,神火股份,2025-09-10,2026-03-09,93.59316604378002,34.71,-4.27468284611141,a股
213,688325.SH,赛微微电,2025-09-10,2026-03-09,93.08307264511643,113.79,2.421242124212432,a股
214,601611.SH,中国核建,2025-09-10,2026-03-09,92.72930648769577,17.4,0.9866511897852476,a股
215,605196.SH,华通线缆,2025-09-10,2026-03-09,91.89781021897811,53.13,1.0460251046025186,a股
216,301550.SZ,斯菱智驱,2025-09-10,2026-03-09,90.78947368421053,152.3,5.0344827586206975,a股
217,002756.SZ,永兴材料,2025-09-10,2026-03-09,90.63360881542702,70.13,1.3439306358381395,a股
218,300816.SZ,艾可蓝,2025-09-10,2026-03-09,90.62336301728654,73.47,0.9480626545754296,a股
219,001208.SZ,华菱线缆,2025-09-10,2026-03-09,90.62240663900413,23.12,0.6530256856769793,a股
220,000973.SZ,佛塑科技,2025-09-10,2026-03-09,90.53876478318001,14.82,2.2068965517241397,a股
221,600403.SH,大有能源,2025-09-10,2026-03-09,90.4632152588556,6.83,-2.2889842632331923,a股
222,688011.SH,新光光电,2025-09-10,2026-03-09,90.12517385257298,69.66,1.9166057059253876,a股
223,002082.SZ,万邦德,2025-09-10,2026-03-09,90.020366598778,19.57,4.876741693461952,a股
224,002865.SZ,钧达股份,2025-09-10,2026-03-09,89.71354166666667,91.02,4.118050789293061,a股
225,600869.SH,远东股份,2025-09-10,2026-03-09,89.43661971830986,13.76,2.3048327137546507,a股
226,688485.SH,九州一轨,2025-09-10,2026-03-09,89.42731277533042,26.55,2.9069767441860463,a股
227,600078.SH,澄星股份,2025-09-10,2026-03-09,89.16544655929721,12.74,-1.393188854489162,a股
228,600301.SH,华锡有色,2025-09-10,2026-03-09,88.9356584485869,64.2,2.1642266072565235,a股
229,300442.SZ,润泽科技,2025-09-10,2026-03-09,88.84566007781186,95.51,-0.8718214841722773,a股
230,002703.SZ,浙江世宝,2025-09-10,2026-03-09,88.68229587712207,23.11,-0.9854327335047148,a股
231,300842.SZ,帝科股份,2025-09-10,2026-03-09,88.53503184713375,104.93,4.262718600953901,a股
232,301626.SZ,苏州天脉,2025-09-10,2026-03-09,88.36148901181045,254.1,0.8373348148736002,a股
233,300490.SZ,华自科技,2025-09-10,2026-03-09,88.15399802566631,19.03,-0.157397691500512,a股
234,600722.SH,金牛化工,2025-09-10,2026-03-09,87.92613636363636,12.73,-3.779289493575208,a股
235,300055.SZ,万邦达,2025-09-10,2026-03-09,87.92517006802723,11.06,0.0904977375565591,a股
236,300257.SZ,开山股份,2025-09-10,2026-03-09,87.85292186474064,34.33,19.993009437259698,a股
237,300044.SZ,ST赛为,2025-09-10,2026-03-09,87.79904306220097,7.5,-4.458598726114645,a股
238,600026.SH,中远海能,2025-09-10,2026-03-09,87.7685950413223,23.26,2.3767605633802935,a股
239,300201.SZ,海伦哲,2025-09-10,2026-03-09,87.73584905660377,10.13,1.8090452261306684,a股
240,688158.SH,优刻得,2025-09-10,2026-03-09,87.44320528707146,51.59,13.684442485676511,a股
241,000703.SZ,恒逸石化,2025-09-10,2026-03-09,87.33233979135619,11.9,-5.330151153540175,a股
242,600230.SH,沧州大化,2025-09-10,2026-03-09,87.30529595015577,23.51,-2.245322245322242,a股
243,300606.SZ,金太阳,2025-09-10,2026-03-09,87.28004022121668,37.66,1.1006711409395882,a股
244,000338.SZ,潍柴动力,2025-09-10,2026-03-09,86.69467787114847,27.82,4.351087771942987,a股
245,000833.SZ,粤桂股份,2025-09-10,2026-03-09,86.56403079076279,25.02,-6.15153788447112,a股
246,688275.SH,万润新能,2025-09-10,2026-03-09,86.29451395572664,97.76,1.012605910312052,a股
247,301137.SZ,哈焊华通,2025-09-10,2026-03-09,86.24055415617127,62.0,4.818258664412513,a股
248,601600.SH,中国铝业,2025-09-10,2026-03-09,85.9416445623342,13.7,-2.282453637660487,a股
249,002379.SZ,宏桥控股,2025-09-10,2026-03-09,85.83586626139818,30.05,-1.7010140660778528,a股
250,688625.SH,呈和科技,2025-09-10,2026-03-09,85.76642335766421,62.78,2.783235101506226,a股
251,300948.SZ,冠中生态,2025-09-10,2026-03-09,85.62664329535494,21.34,0.7554296506137873,a股
252,300448.SZ,浩云科技,2025-09-10,2026-03-09,85.58704453441297,11.19,-2.3560209424083887,a股
253,688530.SH,欧莱新材,2025-09-10,2026-03-09,85.51959114139694,34.74,6.336088154269973,a股
254,000792.SZ,盐湖股份,2025-09-10,2026-03-09,85.22452921294061,38.53,0.4431699687174184,a股
255,603813.SH,*ST原尚,2025-09-10,2026-03-09,84.97254118821765,35.87,-3.1848852901484475,a股
256,301306.SZ,西测测试,2025-09-10,2026-03-09,84.81976960237829,103.5,4.051472805871118,a股
257,001400.SZ,江顺科技,2025-09-10,2026-03-09,84.74812134706372,146.04,10.003012955709552,a股
258,603186.SH,华正新材,2025-09-10,2026-03-09,84.4301316157939,70.8,7.500759186152441,a股
259,000981.SZ,山子高科,2025-09-10,2026-03-09,83.95061728395059,4.55,1.7897091722595095,a股
260,002455.SZ,百川股份,2025-09-10,2026-03-09,83.89830508474574,13.39,2.8417818740399463,a股
261,301248.SZ,杰创智能,2025-09-10,2026-03-09,83.83167220376522,51.0,2.4096385542168735,a股
262,000506.SZ,招金黄金,2025-09-10,2026-03-09,83.77153218495015,20.12,-0.740009866798217,a股
263,600201.SH,生物股份,2025-09-10,2026-03-09,83.6004932182491,15.18,1.9476158495634597,a股
264,688516.SH,奥特维,2025-09-10,2026-03-09,83.56807511737088,80.05,2.365728900255747,a股
265,300017.SZ,网宿科技,2025-09-10,2026-03-09,83.42490842490844,20.39,1.797304043934096,a股
266,603097.SH,江苏华辰,2025-09-10,2026-03-09,83.3931777378815,41.55,1.6886930983847228,a股
267,300394.SZ,天孚通信,2025-09-10,2026-03-09,83.33631965597561,340.48,10.919989575188962,a股
268,000988.SZ,华工科技,2025-09-10,2026-03-09,83.22261702456355,123.51,4.139966273187193,a股
269,603938.SH,三孚股份,2025-09-10,2026-03-09,83.19502074688795,27.38,3.359758399396001,a股
270,600362.SH,江西铜业,2025-09-10,2026-03-09,83.19179051663129,52.44,1.2941858219045674,a股
271,600871.SH,石化油服,2025-09-10,2026-03-09,82.9268292682927,3.45,-7.999999999999996,a股
272,688390.SH,固德威,2025-09-10,2026-03-09,82.80542986425338,97.19,-3.7722772277227743,a股
273,300189.SZ,神农种业,2025-09-10,2026-03-09,82.75109170305674,8.27,-1.194743130226997,a股
274,301218.SZ,华是科技,2025-09-10,2026-03-09,82.72128060263655,39.12,0.7987632053594309,a股
275,600151.SH,航天机电,2025-09-10,2026-03-09,82.65822784810125,14.66,1.5939015939015968,a股
276,300959.SZ,线上线下,2025-09-10,2026-03-09,82.45927248382058,83.47,2.0914872798434363,a股
277,600577.SH,精达股份,2025-09-10,2026-03-09,82.25214198286415,15.18,1.9476158495634597,a股
278,000960.SZ,锡业股份,2025-09-10,2026-03-09,82.18471636193156,39.88,2.62480699948534,a股
279,688127.SH,蓝特光学,2025-09-10,2026-03-09,82.1747448979592,64.93,13.653071941186774,a股
280,000807.SZ,云铝股份,2025-09-10,2026-03-09,81.81818181818183,32.76,-2.50000000000001,a股
281,688702.SH,盛科通信,2025-09-10,2026-03-09,81.79494461800626,206.9,7.743581732021041,a股
282,002738.SZ,中矿资源,2025-09-10,2026-03-09,81.56745575729718,80.13,1.4303797468354371,a股
283,688172.SH,燕东微,2025-09-10,2026-03-09,81.48320895522386,39.1,0.4883063479825362,a股
284,300739.SZ,明阳电路,2025-09-10,2026-03-09,81.45454545454545,30.3,1.2024048096192366,a股
285,688282.SH,理工导航,2025-09-10,2026-03-09,81.30118289353958,79.93,0.288582183186956,a股
286,002358.SZ,森源电气,2025-09-10,2026-03-09,81.2741312741313,9.12,-2.8753993610223785,a股
287,002342.SZ,巨力索具,2025-09-10,2026-03-09,81.09833971902937,14.46,1.9746121297602337,a股
288,301285.SZ,鸿日达,2025-09-10,2026-03-09,80.9513651877133,85.34,0.6012024048096253,a股
289,301526.SZ,国际复材,2025-09-10,2026-03-09,80.78034682080924,12.99,3.8369304556354953,a股
290,603843.SH,*ST正平,2025-09-10,2026-03-09,80.67484662576688,5.79,-1.697792869269943,a股
291,300520.SZ,科大国创,2025-09-10,2026-03-09,80.53322048243757,43.8,2.6722925457102686,a股
292,002300.SZ,太阳电缆,2025-09-10,2026-03-09,80.49921996879876,11.77,1.7286084701814977,a股
293,002519.SZ,银河电子,2025-09-10,2026-03-09,80.48289738430586,9.01,0.4459308807134798,a股
294,301486.SZ,致尚科技,2025-09-10,2026-03-09,80.3807615230461,189.14,5.066103766248181,a股
295,688175.SH,高凌信息,2025-09-10,2026-03-09,80.29014507253628,37.79,4.855715871254162,a股
296,300393.SZ,中来股份,2025-09-10,2026-03-09,80.03095975232199,11.77,1.203783319002569,a股
297,300626.SZ,华瑞股份,2025-09-10,2026-03-09,79.98163452708907,20.3,3.5714285714285676,a股
298,300846.SZ,首都在线,2025-09-10,2026-03-09,79.6942188246536,37.8,0.5051847912789091,a股
299,300215.SZ,电科院,2025-09-10,2026-03-09,79.11908646003263,10.81,-1.5482695810564655,a股
300,000620.SZ,盈新发展,2025-09-10,2026-03-09,79.0419161676647,2.95,-1.3377926421404691,a股
301,601208.SH,东材科技,2025-09-10,2026-03-09,79.0012033694344,31.39,5.5126050420168085,a股
302,002290.SZ,禾盛新材,2025-09-10,2026-03-09,78.864168618267,67.21,9.999999999999988,a股
303,688691.SH,灿芯股份,2025-09-10,2026-03-09,78.67242149129335,121.4,1.1245314452311608,a股
304,301265.SZ,华新环保,2025-09-10,2026-03-09,78.57769973661105,20.94,2.949852507374638,a股
305,002150.SZ,正泰电源,2025-09-10,2026-03-09,78.40764331210192,26.98,-3.677258122099254,a股
306,300062.SZ,中能电气,2025-09-10,2026-03-09,78.36363636363637,9.64,-1.7329255861365944,a股
307,002532.SZ,天山铝业,2025-09-10,2026-03-09,78.11284046692607,17.69,-3.3861277990169167,a股
308,000751.SZ,锌业股份,2025-09-10,2026-03-09,77.71739130434781,6.51,-0.458715596330279,a股
309,688059.SH,华锐精密,2025-09-10,2026-03-09,77.40510697032435,139.08,8.208200420135386,a股
310,002571.SZ,德力股份,2025-09-10,2026-03-09,77.14285714285715,13.4,2.9185867895545377,a股
311,000608.SZ,*ST阳光,2025-09-10,2026-03-09,77.1276595744681,3.46,3.9039039039039007,a股
312,301629.SZ,矽电股份,2025-09-10,2026-03-09,77.04571012767084,277.62,3.7288895531310784,a股
313,688519.SH,南亚新材,2025-09-10,2026-03-09,77.03775725166099,115.35,5.583524027459949,a股
314,300137.SZ,先河环保,2025-09-10,2026-03-09,76.97642163661581,13.24,3.76175548589342,a股
315,300912.SZ,凯龙高科,2025-09-10,2026-03-09,76.74858223062382,28.88,2.959001782531188,a股
316,600783.SH,鲁信创投,2025-09-10,2026-03-09,76.61927330173775,22.56,0.8944543828264727,a股
317,600108.SH,亚盛集团,2025-09-10,2026-03-09,76.29870129870129,5.97,9.94475138121547,a股
318,301317.SZ,鑫磊股份,2025-09-10,2026-03-09,76.29541393686719,64.82,9.493243243243228,a股
319,688568.SH,中科星图,2025-09-10,2026-03-09,76.2752646775746,74.11,1.1602511602511525,a股
320,603306.SH,华懋科技,2025-09-10,2026-03-09,76.26718213058416,87.6,6.738150359449253,a股
321,002429.SZ,兆驰股份,2025-09-10,2026-03-09,76.22504537205084,10.03,3.295571575695144,a股
322,300516.SZ,久之洋,2025-09-10,2026-03-09,76.10837438423644,66.02,2.595182595182598,a股
323,603286.SH,日盈电子,2025-09-10,2026-03-09,75.94285714285714,63.32,2.8255927249106887,a股
324,600714.SH,金瑞矿业,2025-09-10,2026-03-09,75.73822825219474,21.15,-3.950953678474119,a股
325,300129.SZ,泰胜风能,2025-09-10,2026-03-09,75.73812580231065,14.07,2.7757487216946735,a股
326,603986.SH,兆易创新,2025-09-10,2026-03-09,75.68565065224305,285.44,3.386576840885227,a股
327,603052.SH,可川科技,2025-09-10,2026-03-09,75.65112053301029,60.99,5.155172413793108,a股
328,603667.SH,五洲新春,2025-09-10,2026-03-09,75.60321715817693,76.48,6.148507980569059,a股
329,301117.SZ,佳缘科技,2025-09-10,2026-03-09,75.57134033353921,58.41,2.74406332453825,a股
330,603316.SH,诚邦股份,2025-09-10,2026-03-09,75.41163556531286,16.13,0.9386733416770876,a股
331,605100.SH,华丰股份,2025-09-10,2026-03-09,75.19475194751945,42.23,-1.1701380762930027,a股
332,603191.SH,望变电气,2025-09-10,2026-03-09,74.80366492146598,26.6,-0.4118307749906381,a股
333,688307.SH,中润光学,2025-09-10,2026-03-09,74.77820025348542,58.4,5.873821609862223,a股
334,688510.SH,航亚科技,2025-09-10,2026-03-09,74.63608292898103,41.2,4.06668350593584,a股
335,000893.SZ,亚钾国际,2025-09-10,2026-03-09,74.28043306047005,64.19,-2.7424242424242458,a股
336,688312.SH,燕麦科技,2025-09-10,2026-03-09,74.19465387251542,53.39,5.036395829234708,a股
337,000007.SZ,全新好,2025-09-10,2026-03-09,74.07894736842107,14.09,6.500377928949353,a股
338,002788.SZ,鹭燕医药,2025-09-10,2026-03-09,73.82629107981222,15.09,1.8906144496961468,a股
339,605117.SH,德业股份,2025-09-10,2026-03-09,73.47080953044448,119.89,-3.702811244979919,a股
340,688607.SH,康众医疗,2025-09-10,2026-03-09,73.43491222259026,56.2,7.333842627960282,a股
341,600683.SH,京投发展,2025-09-10,2026-03-09,73.36561743341406,7.3,1.955307262569828,a股
342,600295.SH,鄂尔多斯,2025-09-10,2026-03-09,73.31995987963892,16.78,-2.893518518518518,a股
343,688330.SH,宏力达,2025-09-10,2026-03-09,73.24298770879294,53.98,-1.8009823540112826,a股
344,601698.SH,中国卫通,2025-09-10,2026-03-09,73.24263038548754,38.29,0.235602094240828,a股
345,600590.SH,泰豪科技,2025-09-10,2026-03-09,73.190621814475,16.85,-0.8240141259564274,a股
346,300506.SZ,ST名家汇,2025-09-10,2026-03-09,73.17880794701989,5.32,1.7208413001912015,a股
347,300620.SZ,光库科技,2025-09-10,2026-03-09,73.08132875143184,163.05,7.908669755129066,a股
348,300018.SZ,中元股份,2025-09-10,2026-03-09,73.02551640340218,14.47,1.6151685393258457,a股
349,605056.SH,咸亨国际,2025-09-10,2026-03-09,72.667638483965,24.0,1.308569016462637,a股
350,000969.SZ,安泰科技,2025-09-10,2026-03-09,72.60174418604652,24.03,1.1789473684210574,a股
351,300141.SZ,和顺电气,2025-09-10,2026-03-09,72.55113024757807,16.04,0.0623830318153338,a股
352,600989.SH,宝丰能源,2025-09-10,2026-03-09,72.52252252252251,28.95,-5.515665796344651,a股
353,300209.SZ,行云科技,2025-09-10,2026-03-09,72.51461988304094,9.22,4.180790960451989,a股
354,688479.SH,友车科技,2025-09-10,2026-03-09,72.5025746652935,34.57,3.1940298507462694,a股
355,300483.SZ,首华燃气,2025-09-10,2026-03-09,72.06611570247935,19.59,-5.907780979827091,a股
356,300157.SZ,新锦动力,2025-09-10,2026-03-09,72.0,7.92,-3.0599755201958385,a股
357,300812.SZ,易天股份,2025-09-10,2026-03-09,71.8181818181818,41.51,4.585537918871253,a股
358,603389.SH,*ST亚振,2025-09-10,2026-03-09,71.7927964386888,42.45,0.0,a股
359,300593.SZ,新雷能,2025-09-10,2026-03-09,71.78276269185359,29.9,2.7491408934707806,a股
360,301580.SZ,爱迪特,2025-09-10,2026-03-09,71.61430119176599,86.03,8.62373737373737,a股
361,600938.SH,中国海油,2025-09-10,2026-03-09,71.51898734177215,40.98,-5.488929889298899,a股
362,600482.SH,中国动力,2025-09-10,2026-03-09,71.49362477231328,37.54,-0.3186404673393453,a股
363,688231.SH,隆达股份,2025-09-10,2026-03-09,71.41434262948209,36.18,5.113306217315508,a股
364,600522.SH,中天科技,2025-09-10,2026-03-09,71.28463476070527,28.9,6.249999999999998,a股
365,300505.SZ,川金诺,2025-09-10,2026-03-09,71.15009746588693,34.22,-2.562642369020497,a股
366,600176.SH,中国巨石,2025-09-10,2026-03-09,71.05263157894738,26.86,3.3076923076923057,a股
367,002497.SZ,雅化集团,2025-09-10,2026-03-09,71.01346562721474,24.77,2.6523000414421904,a股
368,002451.SZ,摩恩电气,2025-09-10,2026-03-09,70.90103397341213,11.41,-1.3828867761452044,a股
369,600191.SH,华资实业,2025-09-10,2026-03-09,70.8651399491094,13.43,0.0,a股
370,001376.SZ,百通能源,2025-09-10,2026-03-09,70.85385878489326,20.61,-0.9610764055742398,a股
371,688545.SH,兴福电子,2025-09-10,2026-03-09,70.54772056411939,52.6,1.1538461538461566,a股
372,002207.SZ,准油股份,2025-09-10,2026-03-09,70.48114434330297,11.8,-9.992372234935155,a股
373,688347.SH,华虹公司,2025-09-10,2026-03-09,70.44576523031203,118.46,3.2691134164414613,a股
374,603663.SH,三祥新材,2025-09-10,2026-03-09,70.27749916415914,52.32,2.729236206558022,a股
375,688717.SH,艾罗能源,2025-09-10,2026-03-09,69.9708067940552,119.44,-6.753064251698029,a股
376,603045.SH,福达合金,2025-09-10,2026-03-09,69.92864424057086,34.98,4.919016196760627,a股
377,000630.SZ,铜陵有色,2025-09-10,2026-03-09,69.6969696969697,7.32,0.5494505494505499,a股
378,300672.SZ,国科微,2025-09-10,2026-03-09,69.24379915305504,143.96,2.916785816414078,a股
379,001389.SZ,广合科技,2025-09-10,2026-03-09,69.16885930970437,120.23,10.000000000000009,a股
380,688375.SH,国博电子,2025-09-10,2026-03-09,69.12086309957719,116.58,0.4999999999999985,a股
381,600629.SH,华建集团,2025-09-10,2026-03-09,69.07946498819825,22.13,2.9781293624941862,a股
382,601619.SH,嘉泽新能,2025-09-10,2026-03-09,69.0,6.64,-1.7751479289940846,a股
383,603232.SH,格尔软件,2025-09-10,2026-03-09,68.87417218543047,26.0,1.96078431372549,a股
384,603993.SH,洛阳钼业,2025-09-10,2026-03-09,68.83942766295706,21.74,2.354048964218456,a股
385,000691.SZ,*ST亚太,2025-09-10,2026-03-09,68.67469879518072,8.6,2.3809523809523725,a股
386,300421.SZ,力星股份,2025-09-10,2026-03-09,68.541530412034,26.67,3.4924330616996593,a股
387,000612.SZ,焦作万方,2025-09-10,2026-03-09,68.48203939745073,14.35,-1.306740027510313,a股
388,600410.SH,华胜天成,2025-09-10,2026-03-09,68.4704583103258,31.83,4.326450344149448,a股
389,002851.SZ,麦格米特,2025-09-10,2026-03-09,68.42031816913202,129.27,7.109122545364166,a股
390,300970.SZ,华绿生物,2025-09-10,2026-03-09,68.32298136645963,25.56,4.7970479704796976,a股
391,300118.SZ,东方日升,2025-09-10,2026-03-09,68.1455190771961,20.15,6.332453825857517,a股
392,301396.SZ,宏景科技,2025-09-10,2026-03-09,68.12297734627832,116.26,1.7236853617989314,a股
393,002218.SZ,拓日新能,2025-09-10,2026-03-09,67.70833333333334,6.67,3.571428571428564,a股
394,603391.SH,力聚热能,2025-09-10,2026-03-09,67.56251460621641,73.08,1.9246861924686127,a股
395,688110.SH,东芯股份,2025-09-10,2026-03-09,67.47976618705039,151.8,1.8860326196389037,a股
396,000949.SZ,新乡化纤,2025-09-10,2026-03-09,67.47572815533981,7.59,9.999999999999991,a股
397,001326.SZ,联域股份,2025-09-10,2026-03-09,67.25663716814158,63.8,2.2927689594356258,a股
398,600595.SH,中孚实业,2025-09-10,2026-03-09,67.18446601941746,8.21,-4.645760743321703,a股
399,002448.SZ,中原内配,2025-09-10,2026-03-09,67.08494208494209,17.52,1.2131715771230551,a股
400,301235.SZ,华康洁净,2025-09-10,2026-03-09,66.87717082412378,54.13,2.4219489120151394,a股
